<?xml version="1.0" encoding="utf-8"?>
<SerializedWorld xmlns:xsi="http://www.w3.org/2001/XMLSchema-instance"
 xmlns:xsd="http://www.w3.org/2001/XMLSchema">
<sun_col_r>0.863</sun_col_r>
<sun_col_g>0.899</sun_col_g>
<sun_col_b>1.000</sun_col_b>
<sun_intensity>0.100</sun_intensity>
<screenshot_width>900</screenshot_width>
<screenshot_height>900</screenshot_height>
<global_radius_scale>0.985</global_radius_scale>
<resolution>064</resolution>
<uuid>5acbd644-37c7-11e6-ac61-9e71128cae77</uuid> 
<skybox>000</skybox>
<Planets>
  <SerializedPlanet>
    <pos_x>0</pos_x>
    <pos_z>0</pos_z>
    <pos_y>0</pos_y>
    <rotation>0</rotation>
    <radius>100000</radius>
    <temperature>8076.72704829</temperature>
    <seed>87464990</seed>
    <col_x>0.863169094369</col_x>
    <col_y>0.898575943732</col_y>
    <col_z>1.0</col_z>
    <atmosphereDensity>10</atmosphereDensity>
    <atmosphereHeight>1.025</atmosphereHeight>
    <outerRadiusScale>1.0025</outerRadiusScale>
    <name>The star</name>
    <category>star</category>
  </SerializedPlanet>
  <SerializedPlanet>
    <pos_x>1.68937148378</pos_x>
    <pos_z>-5.9880627884</pos_z>
    <pos_y>0</pos_y>
    <rotation>-1328.83014892</rotation>
    <Frames>
      <Frame>
        <id>0</id>
        <pos_x>1.68937148378</pos_x>
        <pos_z>-5.9880627884</pos_z>
        <pos_y>0</pos_y>
        <rotation>-1328.83014892</rotation>
      </Frame>
      <Frame>
        <id>1</id>
        <pos_x>1.68938469028</pos_x>
        <pos_z>-5.98805906498</pos_z>
        <pos_y>0</pos_y>
        <rotation>-1328.83041617</rotation>
      </Frame>
      <Frame>
        <id>2</id>
        <pos_x>1.68939789678</pos_x>
        <pos_z>-5.98805534153</pos_z>
        <pos_y>0</pos_y>
        <rotation>-1328.83068341</rotation>
      </Frame>
      <Frame>
        <id>3</id>
        <pos_x>1.68941110327</pos_x>
        <pos_z>-5.98805161805</pos_z>
        <pos_y>0</pos_y>
        <rotation>-1328.83095066</rotation>
      </Frame>
      <Frame>
        <id>4</id>
        <pos_x>1.68942430975</pos_x>
        <pos_z>-5.98804789454</pos_z>
        <pos_y>0</pos_y>
        <rotation>-1328.8312179</rotation>
      </Frame>
      <Frame>
        <id>5</id>
        <pos_x>1.68943751623</pos_x>
        <pos_z>-5.988044171</pos_z>
        <pos_y>0</pos_y>
        <rotation>-1328.83148515</rotation>
      </Frame>
      <Frame>
        <id>6</id>
        <pos_x>1.68945072269</pos_x>
        <pos_z>-5.98804044744</pos_z>
        <pos_y>0</pos_y>
        <rotation>-1328.83175239</rotation>
      </Frame>
      <Frame>
        <id>7</id>
        <pos_x>1.68946392915</pos_x>
        <pos_z>-5.98803672384</pos_z>
        <pos_y>0</pos_y>
        <rotation>-1328.83201964</rotation>
      </Frame>
      <Frame>
        <id>8</id>
        <pos_x>1.6894771356</pos_x>
        <pos_z>-5.98803300022</pos_z>
        <pos_y>0</pos_y>
        <rotation>-1328.83228688</rotation>
      </Frame>
      <Frame>
        <id>9</id>
        <pos_x>1.68949034204</pos_x>
        <pos_z>-5.98802927656</pos_z>
        <pos_y>0</pos_y>
        <rotation>-1328.83255413</rotation>
      </Frame>
      <Frame>
        <id>10</id>
        <pos_x>1.68950354847</pos_x>
        <pos_z>-5.98802555288</pos_z>
        <pos_y>0</pos_y>
        <rotation>-1328.83282138</rotation>
      </Frame>
      <Frame>
        <id>11</id>
        <pos_x>1.68951675489</pos_x>
        <pos_z>-5.98802182917</pos_z>
        <pos_y>0</pos_y>
        <rotation>-1328.83308862</rotation>
      </Frame>
      <Frame>
        <id>12</id>
        <pos_x>1.68952996131</pos_x>
        <pos_z>-5.98801810543</pos_z>
        <pos_y>0</pos_y>
        <rotation>-1328.83335587</rotation>
      </Frame>
      <Frame>
        <id>13</id>
        <pos_x>1.68954316771</pos_x>
        <pos_z>-5.98801438165</pos_z>
        <pos_y>0</pos_y>
        <rotation>-1328.83362311</rotation>
      </Frame>
      <Frame>
        <id>14</id>
        <pos_x>1.68955637411</pos_x>
        <pos_z>-5.98801065786</pos_z>
        <pos_y>0</pos_y>
        <rotation>-1328.83389036</rotation>
      </Frame>
      <Frame>
        <id>15</id>
        <pos_x>1.6895695805</pos_x>
        <pos_z>-5.98800693403</pos_z>
        <pos_y>0</pos_y>
        <rotation>-1328.8341576</rotation>
      </Frame>
      <Frame>
        <id>16</id>
        <pos_x>1.68958278689</pos_x>
        <pos_z>-5.98800321017</pos_z>
        <pos_y>0</pos_y>
        <rotation>-1328.83442485</rotation>
      </Frame>
      <Frame>
        <id>17</id>
        <pos_x>1.68959599326</pos_x>
        <pos_z>-5.98799948628</pos_z>
        <pos_y>0</pos_y>
        <rotation>-1328.83469209</rotation>
      </Frame>
      <Frame>
        <id>18</id>
        <pos_x>1.68960919963</pos_x>
        <pos_z>-5.98799576237</pos_z>
        <pos_y>0</pos_y>
        <rotation>-1328.83495934</rotation>
      </Frame>
      <Frame>
        <id>19</id>
        <pos_x>1.68962240599</pos_x>
        <pos_z>-5.98799203842</pos_z>
        <pos_y>0</pos_y>
        <rotation>-1328.83522659</rotation>
      </Frame>
      <Frame>
        <id>20</id>
        <pos_x>1.68963561234</pos_x>
        <pos_z>-5.98798831445</pos_z>
        <pos_y>0</pos_y>
        <rotation>-1328.83549383</rotation>
      </Frame>
      <Frame>
        <id>21</id>
        <pos_x>1.68964881868</pos_x>
        <pos_z>-5.98798459044</pos_z>
        <pos_y>0</pos_y>
        <rotation>-1328.83576108</rotation>
      </Frame>
      <Frame>
        <id>22</id>
        <pos_x>1.68966202501</pos_x>
        <pos_z>-5.98798086641</pos_z>
        <pos_y>0</pos_y>
        <rotation>-1328.83602832</rotation>
      </Frame>
      <Frame>
        <id>23</id>
        <pos_x>1.68967523134</pos_x>
        <pos_z>-5.98797714235</pos_z>
        <pos_y>0</pos_y>
        <rotation>-1328.83629557</rotation>
      </Frame>
      <Frame>
        <id>24</id>
        <pos_x>1.68968843765</pos_x>
        <pos_z>-5.98797341826</pos_z>
        <pos_y>0</pos_y>
        <rotation>-1328.83656281</rotation>
      </Frame>
      <Frame>
        <id>25</id>
        <pos_x>1.68970164396</pos_x>
        <pos_z>-5.98796969414</pos_z>
        <pos_y>0</pos_y>
        <rotation>-1328.83683006</rotation>
      </Frame>
      <Frame>
        <id>26</id>
        <pos_x>1.68971485026</pos_x>
        <pos_z>-5.98796596999</pos_z>
        <pos_y>0</pos_y>
        <rotation>-1328.8370973</rotation>
      </Frame>
      <Frame>
        <id>27</id>
        <pos_x>1.68972805655</pos_x>
        <pos_z>-5.98796224581</pos_z>
        <pos_y>0</pos_y>
        <rotation>-1328.83736455</rotation>
      </Frame>
      <Frame>
        <id>28</id>
        <pos_x>1.68974126284</pos_x>
        <pos_z>-5.9879585216</pos_z>
        <pos_y>0</pos_y>
        <rotation>-1328.83763179</rotation>
      </Frame>
      <Frame>
        <id>29</id>
        <pos_x>1.68975446911</pos_x>
        <pos_z>-5.98795479736</pos_z>
        <pos_y>0</pos_y>
        <rotation>-1328.83789904</rotation>
      </Frame>
      <Frame>
        <id>30</id>
        <pos_x>1.68976767538</pos_x>
        <pos_z>-5.9879510731</pos_z>
        <pos_y>0</pos_y>
        <rotation>-1328.83816629</rotation>
      </Frame>
      <Frame>
        <id>31</id>
        <pos_x>1.68978088164</pos_x>
        <pos_z>-5.9879473488</pos_z>
        <pos_y>0</pos_y>
        <rotation>-1328.83843353</rotation>
      </Frame>
      <Frame>
        <id>32</id>
        <pos_x>1.68979408789</pos_x>
        <pos_z>-5.98794362448</pos_z>
        <pos_y>0</pos_y>
        <rotation>-1328.83870078</rotation>
      </Frame>
      <Frame>
        <id>33</id>
        <pos_x>1.68980729414</pos_x>
        <pos_z>-5.98793990013</pos_z>
        <pos_y>0</pos_y>
        <rotation>-1328.83896802</rotation>
      </Frame>
      <Frame>
        <id>34</id>
        <pos_x>1.68982050037</pos_x>
        <pos_z>-5.98793617574</pos_z>
        <pos_y>0</pos_y>
        <rotation>-1328.83923527</rotation>
      </Frame>
      <Frame>
        <id>35</id>
        <pos_x>1.6898337066</pos_x>
        <pos_z>-5.98793245133</pos_z>
        <pos_y>0</pos_y>
        <rotation>-1328.83950251</rotation>
      </Frame>
      <Frame>
        <id>36</id>
        <pos_x>1.68984691282</pos_x>
        <pos_z>-5.98792872689</pos_z>
        <pos_y>0</pos_y>
        <rotation>-1328.83976976</rotation>
      </Frame>
      <Frame>
        <id>37</id>
        <pos_x>1.68986011902</pos_x>
        <pos_z>-5.98792500242</pos_z>
        <pos_y>0</pos_y>
        <rotation>-1328.840037</rotation>
      </Frame>
      <Frame>
        <id>38</id>
        <pos_x>1.68987332523</pos_x>
        <pos_z>-5.98792127792</pos_z>
        <pos_y>0</pos_y>
        <rotation>-1328.84030425</rotation>
      </Frame>
      <Frame>
        <id>39</id>
        <pos_x>1.68988653142</pos_x>
        <pos_z>-5.98791755339</pos_z>
        <pos_y>0</pos_y>
        <rotation>-1328.8405715</rotation>
      </Frame>
      <Frame>
        <id>40</id>
        <pos_x>1.68989973761</pos_x>
        <pos_z>-5.98791382884</pos_z>
        <pos_y>0</pos_y>
        <rotation>-1328.84083874</rotation>
      </Frame>
      <Frame>
        <id>41</id>
        <pos_x>1.68991294378</pos_x>
        <pos_z>-5.98791010425</pos_z>
        <pos_y>0</pos_y>
        <rotation>-1328.84110599</rotation>
      </Frame>
      <Frame>
        <id>42</id>
        <pos_x>1.68992614995</pos_x>
        <pos_z>-5.98790637964</pos_z>
        <pos_y>0</pos_y>
        <rotation>-1328.84137323</rotation>
      </Frame>
      <Frame>
        <id>43</id>
        <pos_x>1.68993935611</pos_x>
        <pos_z>-5.98790265499</pos_z>
        <pos_y>0</pos_y>
        <rotation>-1328.84164048</rotation>
      </Frame>
      <Frame>
        <id>44</id>
        <pos_x>1.68995256226</pos_x>
        <pos_z>-5.98789893032</pos_z>
        <pos_y>0</pos_y>
        <rotation>-1328.84190772</rotation>
      </Frame>
      <Frame>
        <id>45</id>
        <pos_x>1.68996576841</pos_x>
        <pos_z>-5.98789520561</pos_z>
        <pos_y>0</pos_y>
        <rotation>-1328.84217497</rotation>
      </Frame>
      <Frame>
        <id>46</id>
        <pos_x>1.68997897455</pos_x>
        <pos_z>-5.98789148088</pos_z>
        <pos_y>0</pos_y>
        <rotation>-1328.84244221</rotation>
      </Frame>
      <Frame>
        <id>47</id>
        <pos_x>1.68999218067</pos_x>
        <pos_z>-5.98788775612</pos_z>
        <pos_y>0</pos_y>
        <rotation>-1328.84270946</rotation>
      </Frame>
      <Frame>
        <id>48</id>
        <pos_x>1.69000538679</pos_x>
        <pos_z>-5.98788403133</pos_z>
        <pos_y>0</pos_y>
        <rotation>-1328.84297671</rotation>
      </Frame>
      <Frame>
        <id>49</id>
        <pos_x>1.6900185929</pos_x>
        <pos_z>-5.98788030651</pos_z>
        <pos_y>0</pos_y>
        <rotation>-1328.84324395</rotation>
      </Frame>
      <Frame>
        <id>50</id>
        <pos_x>1.69003179901</pos_x>
        <pos_z>-5.98787658166</pos_z>
        <pos_y>0</pos_y>
        <rotation>-1328.8435112</rotation>
      </Frame>
      <Frame>
        <id>51</id>
        <pos_x>1.6900450051</pos_x>
        <pos_z>-5.98787285678</pos_z>
        <pos_y>0</pos_y>
        <rotation>-1328.84377844</rotation>
      </Frame>
      <Frame>
        <id>52</id>
        <pos_x>1.69005821119</pos_x>
        <pos_z>-5.98786913188</pos_z>
        <pos_y>0</pos_y>
        <rotation>-1328.84404569</rotation>
      </Frame>
      <Frame>
        <id>53</id>
        <pos_x>1.69007141727</pos_x>
        <pos_z>-5.98786540694</pos_z>
        <pos_y>0</pos_y>
        <rotation>-1328.84431293</rotation>
      </Frame>
      <Frame>
        <id>54</id>
        <pos_x>1.69008462334</pos_x>
        <pos_z>-5.98786168198</pos_z>
        <pos_y>0</pos_y>
        <rotation>-1328.84458018</rotation>
      </Frame>
      <Frame>
        <id>55</id>
        <pos_x>1.6900978294</pos_x>
        <pos_z>-5.98785795698</pos_z>
        <pos_y>0</pos_y>
        <rotation>-1328.84484742</rotation>
      </Frame>
      <Frame>
        <id>56</id>
        <pos_x>1.69011103545</pos_x>
        <pos_z>-5.98785423196</pos_z>
        <pos_y>0</pos_y>
        <rotation>-1328.84511467</rotation>
      </Frame>
      <Frame>
        <id>57</id>
        <pos_x>1.6901242415</pos_x>
        <pos_z>-5.98785050691</pos_z>
        <pos_y>0</pos_y>
        <rotation>-1328.84538192</rotation>
      </Frame>
      <Frame>
        <id>58</id>
        <pos_x>1.69013744754</pos_x>
        <pos_z>-5.98784678182</pos_z>
        <pos_y>0</pos_y>
        <rotation>-1328.84564916</rotation>
      </Frame>
      <Frame>
        <id>59</id>
        <pos_x>1.69015065356</pos_x>
        <pos_z>-5.98784305671</pos_z>
        <pos_y>0</pos_y>
        <rotation>-1328.84591641</rotation>
      </Frame>
      <Frame>
        <id>60</id>
        <pos_x>1.69016385959</pos_x>
        <pos_z>-5.98783933157</pos_z>
        <pos_y>0</pos_y>
        <rotation>-1328.84618365</rotation>
      </Frame>
      <Frame>
        <id>61</id>
        <pos_x>1.6901770656</pos_x>
        <pos_z>-5.9878356064</pos_z>
        <pos_y>0</pos_y>
        <rotation>-1328.8464509</rotation>
      </Frame>
      <Frame>
        <id>62</id>
        <pos_x>1.6901902716</pos_x>
        <pos_z>-5.98783188121</pos_z>
        <pos_y>0</pos_y>
        <rotation>-1328.84671814</rotation>
      </Frame>
      <Frame>
        <id>63</id>
        <pos_x>1.6902034776</pos_x>
        <pos_z>-5.98782815598</pos_z>
        <pos_y>0</pos_y>
        <rotation>-1328.84698539</rotation>
      </Frame>
      <Frame>
        <id>64</id>
        <pos_x>1.69021668359</pos_x>
        <pos_z>-5.98782443072</pos_z>
        <pos_y>0</pos_y>
        <rotation>-1328.84725263</rotation>
      </Frame>
      <Frame>
        <id>65</id>
        <pos_x>1.69022988957</pos_x>
        <pos_z>-5.98782070544</pos_z>
        <pos_y>0</pos_y>
        <rotation>-1328.84751988</rotation>
      </Frame>
      <Frame>
        <id>66</id>
        <pos_x>1.69024309554</pos_x>
        <pos_z>-5.98781698012</pos_z>
        <pos_y>0</pos_y>
        <rotation>-1328.84778712</rotation>
      </Frame>
      <Frame>
        <id>67</id>
        <pos_x>1.6902563015</pos_x>
        <pos_z>-5.98781325478</pos_z>
        <pos_y>0</pos_y>
        <rotation>-1328.84805437</rotation>
      </Frame>
      <Frame>
        <id>68</id>
        <pos_x>1.69026950746</pos_x>
        <pos_z>-5.9878095294</pos_z>
        <pos_y>0</pos_y>
        <rotation>-1328.84832162</rotation>
      </Frame>
      <Frame>
        <id>69</id>
        <pos_x>1.6902827134</pos_x>
        <pos_z>-5.987805804</pos_z>
        <pos_y>0</pos_y>
        <rotation>-1328.84858886</rotation>
      </Frame>
      <Frame>
        <id>70</id>
        <pos_x>1.69029591934</pos_x>
        <pos_z>-5.98780207857</pos_z>
        <pos_y>0</pos_y>
        <rotation>-1328.84885611</rotation>
      </Frame>
      <Frame>
        <id>71</id>
        <pos_x>1.69030912527</pos_x>
        <pos_z>-5.98779835311</pos_z>
        <pos_y>0</pos_y>
        <rotation>-1328.84912335</rotation>
      </Frame>
      <Frame>
        <id>72</id>
        <pos_x>1.69032233119</pos_x>
        <pos_z>-5.98779462762</pos_z>
        <pos_y>0</pos_y>
        <rotation>-1328.8493906</rotation>
      </Frame>
      <Frame>
        <id>73</id>
        <pos_x>1.69033553711</pos_x>
        <pos_z>-5.9877909021</pos_z>
        <pos_y>0</pos_y>
        <rotation>-1328.84965784</rotation>
      </Frame>
      <Frame>
        <id>74</id>
        <pos_x>1.69034874301</pos_x>
        <pos_z>-5.98778717655</pos_z>
        <pos_y>0</pos_y>
        <rotation>-1328.84992509</rotation>
      </Frame>
      <Frame>
        <id>75</id>
        <pos_x>1.69036194891</pos_x>
        <pos_z>-5.98778345098</pos_z>
        <pos_y>0</pos_y>
        <rotation>-1328.85019233</rotation>
      </Frame>
      <Frame>
        <id>76</id>
        <pos_x>1.6903751548</pos_x>
        <pos_z>-5.98777972537</pos_z>
        <pos_y>0</pos_y>
        <rotation>-1328.85045958</rotation>
      </Frame>
      <Frame>
        <id>77</id>
        <pos_x>1.69038836068</pos_x>
        <pos_z>-5.98777599973</pos_z>
        <pos_y>0</pos_y>
        <rotation>-1328.85072683</rotation>
      </Frame>
      <Frame>
        <id>78</id>
        <pos_x>1.69040156655</pos_x>
        <pos_z>-5.98777227407</pos_z>
        <pos_y>0</pos_y>
        <rotation>-1328.85099407</rotation>
      </Frame>
      <Frame>
        <id>79</id>
        <pos_x>1.69041477242</pos_x>
        <pos_z>-5.98776854838</pos_z>
        <pos_y>0</pos_y>
        <rotation>-1328.85126132</rotation>
      </Frame>
      <Frame>
        <id>80</id>
        <pos_x>1.69042797828</pos_x>
        <pos_z>-5.98776482265</pos_z>
        <pos_y>0</pos_y>
        <rotation>-1328.85152856</rotation>
      </Frame>
      <Frame>
        <id>81</id>
        <pos_x>1.69044118412</pos_x>
        <pos_z>-5.9877610969</pos_z>
        <pos_y>0</pos_y>
        <rotation>-1328.85179581</rotation>
      </Frame>
      <Frame>
        <id>82</id>
        <pos_x>1.69045438996</pos_x>
        <pos_z>-5.98775737112</pos_z>
        <pos_y>0</pos_y>
        <rotation>-1328.85206305</rotation>
      </Frame>
      <Frame>
        <id>83</id>
        <pos_x>1.6904675958</pos_x>
        <pos_z>-5.98775364531</pos_z>
        <pos_y>0</pos_y>
        <rotation>-1328.8523303</rotation>
      </Frame>
      <Frame>
        <id>84</id>
        <pos_x>1.69048080162</pos_x>
        <pos_z>-5.98774991947</pos_z>
        <pos_y>0</pos_y>
        <rotation>-1328.85259754</rotation>
      </Frame>
      <Frame>
        <id>85</id>
        <pos_x>1.69049400743</pos_x>
        <pos_z>-5.9877461936</pos_z>
        <pos_y>0</pos_y>
        <rotation>-1328.85286479</rotation>
      </Frame>
      <Frame>
        <id>86</id>
        <pos_x>1.69050721324</pos_x>
        <pos_z>-5.9877424677</pos_z>
        <pos_y>0</pos_y>
        <rotation>-1328.85313204</rotation>
      </Frame>
      <Frame>
        <id>87</id>
        <pos_x>1.69052041904</pos_x>
        <pos_z>-5.98773874178</pos_z>
        <pos_y>0</pos_y>
        <rotation>-1328.85339928</rotation>
      </Frame>
      <Frame>
        <id>88</id>
        <pos_x>1.69053362483</pos_x>
        <pos_z>-5.98773501582</pos_z>
        <pos_y>0</pos_y>
        <rotation>-1328.85366653</rotation>
      </Frame>
      <Frame>
        <id>89</id>
        <pos_x>1.69054683061</pos_x>
        <pos_z>-5.98773128984</pos_z>
        <pos_y>0</pos_y>
        <rotation>-1328.85393377</rotation>
      </Frame>
      <Frame>
        <id>90</id>
        <pos_x>1.69056003639</pos_x>
        <pos_z>-5.98772756382</pos_z>
        <pos_y>0</pos_y>
        <rotation>-1328.85420102</rotation>
      </Frame>
      <Frame>
        <id>91</id>
        <pos_x>1.69057324215</pos_x>
        <pos_z>-5.98772383778</pos_z>
        <pos_y>0</pos_y>
        <rotation>-1328.85446826</rotation>
      </Frame>
      <Frame>
        <id>92</id>
        <pos_x>1.69058644791</pos_x>
        <pos_z>-5.98772011171</pos_z>
        <pos_y>0</pos_y>
        <rotation>-1328.85473551</rotation>
      </Frame>
      <Frame>
        <id>93</id>
        <pos_x>1.69059965366</pos_x>
        <pos_z>-5.9877163856</pos_z>
        <pos_y>0</pos_y>
        <rotation>-1328.85500275</rotation>
      </Frame>
      <Frame>
        <id>94</id>
        <pos_x>1.6906128594</pos_x>
        <pos_z>-5.98771265947</pos_z>
        <pos_y>0</pos_y>
        <rotation>-1328.85527</rotation>
      </Frame>
      <Frame>
        <id>95</id>
        <pos_x>1.69062606513</pos_x>
        <pos_z>-5.98770893331</pos_z>
        <pos_y>0</pos_y>
        <rotation>-1328.85553724</rotation>
      </Frame>
      <Frame>
        <id>96</id>
        <pos_x>1.69063927086</pos_x>
        <pos_z>-5.98770520712</pos_z>
        <pos_y>0</pos_y>
        <rotation>-1328.85580449</rotation>
      </Frame>
      <Frame>
        <id>97</id>
        <pos_x>1.69065247657</pos_x>
        <pos_z>-5.98770148091</pos_z>
        <pos_y>0</pos_y>
        <rotation>-1328.85607174</rotation>
      </Frame>
      <Frame>
        <id>98</id>
        <pos_x>1.69066568228</pos_x>
        <pos_z>-5.98769775466</pos_z>
        <pos_y>0</pos_y>
        <rotation>-1328.85633898</rotation>
      </Frame>
      <Frame>
        <id>99</id>
        <pos_x>1.69067888798</pos_x>
        <pos_z>-5.98769402838</pos_z>
        <pos_y>0</pos_y>
        <rotation>-1328.85660623</rotation>
      </Frame>
    </Frames>
    <radius>3407.2882425</radius>
    <temperature>219.223558506</temperature>
    <seed>87464005</seed>
    <atmosphereDensity>0.0701098125332</atmosphereDensity>
    <atmosphereHeight>1.025</atmosphereHeight>
    <outerRadiusScale>1.0025</outerRadiusScale>
    <category>planet</category>
    <name>Planet 5</name>
  </SerializedPlanet>
  <SerializedPlanet>
    <pos_x>1.68849920801</pos_x>
    <pos_z>-5.98830236088</pos_z>
    <pos_y>3.42538618208e-05</pos_y>
    <rotation>-3338.48556652</rotation>
    <Frames>
      <Frame>
        <id>0</id>
        <pos_x>1.68849920801</pos_x>
        <pos_z>-5.98830236088</pos_z>
        <rotation>-3338.48556652</rotation>
      </Frame>
      <Frame>
        <id>1</id>
        <pos_x>1.68851255865</pos_x>
        <pos_z>-5.98829916166</pos_z>
        <rotation>-3338.48623806</rotation>
      </Frame>
      <Frame>
        <id>2</id>
        <pos_x>1.68852590961</pos_x>
        <pos_z>-5.98829596232</pos_z>
        <rotation>-3338.4869096</rotation>
      </Frame>
      <Frame>
        <id>3</id>
        <pos_x>1.68853926087</pos_x>
        <pos_z>-5.98829276286</pos_z>
        <rotation>-3338.48758113</rotation>
      </Frame>
      <Frame>
        <id>4</id>
        <pos_x>1.68855261244</pos_x>
        <pos_z>-5.98828956329</pos_z>
        <rotation>-3338.48825267</rotation>
      </Frame>
      <Frame>
        <id>5</id>
        <pos_x>1.68856596431</pos_x>
        <pos_z>-5.9882863636</pos_z>
        <rotation>-3338.48892421</rotation>
      </Frame>
      <Frame>
        <id>6</id>
        <pos_x>1.68857931649</pos_x>
        <pos_z>-5.9882831638</pos_z>
        <rotation>-3338.48959575</rotation>
      </Frame>
      <Frame>
        <id>7</id>
        <pos_x>1.68859266898</pos_x>
        <pos_z>-5.98827996388</pos_z>
        <rotation>-3338.49026729</rotation>
      </Frame>
      <Frame>
        <id>8</id>
        <pos_x>1.68860602177</pos_x>
        <pos_z>-5.98827676384</pos_z>
        <rotation>-3338.49093883</rotation>
      </Frame>
      <Frame>
        <id>9</id>
        <pos_x>1.68861937487</pos_x>
        <pos_z>-5.98827356368</pos_z>
        <rotation>-3338.49161037</rotation>
      </Frame>
      <Frame>
        <id>10</id>
        <pos_x>1.68863272828</pos_x>
        <pos_z>-5.98827036341</pos_z>
        <rotation>-3338.4922819</rotation>
      </Frame>
      <Frame>
        <id>11</id>
        <pos_x>1.68864608199</pos_x>
        <pos_z>-5.98826716302</pos_z>
        <rotation>-3338.49295344</rotation>
      </Frame>
      <Frame>
        <id>12</id>
        <pos_x>1.68865943601</pos_x>
        <pos_z>-5.98826396251</pos_z>
        <rotation>-3338.49362498</rotation>
      </Frame>
      <Frame>
        <id>13</id>
        <pos_x>1.68867279034</pos_x>
        <pos_z>-5.98826076189</pos_z>
        <rotation>-3338.49429652</rotation>
      </Frame>
      <Frame>
        <id>14</id>
        <pos_x>1.68868614497</pos_x>
        <pos_z>-5.98825756114</pos_z>
        <rotation>-3338.49496806</rotation>
      </Frame>
      <Frame>
        <id>15</id>
        <pos_x>1.68869949991</pos_x>
        <pos_z>-5.98825436028</pos_z>
        <rotation>-3338.4956396</rotation>
      </Frame>
      <Frame>
        <id>16</id>
        <pos_x>1.68871285515</pos_x>
        <pos_z>-5.9882511593</pos_z>
        <rotation>-3338.49631114</rotation>
      </Frame>
      <Frame>
        <id>17</id>
        <pos_x>1.6887262107</pos_x>
        <pos_z>-5.9882479582</pos_z>
        <rotation>-3338.49698267</rotation>
      </Frame>
      <Frame>
        <id>18</id>
        <pos_x>1.68873956656</pos_x>
        <pos_z>-5.98824475698</pos_z>
        <rotation>-3338.49765421</rotation>
      </Frame>
      <Frame>
        <id>19</id>
        <pos_x>1.68875292272</pos_x>
        <pos_z>-5.98824155564</pos_z>
        <rotation>-3338.49832575</rotation>
      </Frame>
      <Frame>
        <id>20</id>
        <pos_x>1.68876627919</pos_x>
        <pos_z>-5.98823835418</pos_z>
        <rotation>-3338.49899729</rotation>
      </Frame>
      <Frame>
        <id>21</id>
        <pos_x>1.68877963596</pos_x>
        <pos_z>-5.98823515261</pos_z>
        <rotation>-3338.49966883</rotation>
      </Frame>
      <Frame>
        <id>22</id>
        <pos_x>1.68879299304</pos_x>
        <pos_z>-5.98823195091</pos_z>
        <rotation>-3338.50034037</rotation>
      </Frame>
      <Frame>
        <id>23</id>
        <pos_x>1.68880635042</pos_x>
        <pos_z>-5.98822874909</pos_z>
        <rotation>-3338.50101191</rotation>
      </Frame>
      <Frame>
        <id>24</id>
        <pos_x>1.68881970811</pos_x>
        <pos_z>-5.98822554716</pos_z>
        <rotation>-3338.50168344</rotation>
      </Frame>
      <Frame>
        <id>25</id>
        <pos_x>1.68883306611</pos_x>
        <pos_z>-5.9882223451</pos_z>
        <rotation>-3338.50235498</rotation>
      </Frame>
      <Frame>
        <id>26</id>
        <pos_x>1.68884642441</pos_x>
        <pos_z>-5.98821914293</pos_z>
        <rotation>-3338.50302652</rotation>
      </Frame>
      <Frame>
        <id>27</id>
        <pos_x>1.68885978302</pos_x>
        <pos_z>-5.98821594063</pos_z>
        <rotation>-3338.50369806</rotation>
      </Frame>
      <Frame>
        <id>28</id>
        <pos_x>1.68887314193</pos_x>
        <pos_z>-5.98821273821</pos_z>
        <rotation>-3338.5043696</rotation>
      </Frame>
      <Frame>
        <id>29</id>
        <pos_x>1.68888650115</pos_x>
        <pos_z>-5.98820953567</pos_z>
        <rotation>-3338.50504114</rotation>
      </Frame>
      <Frame>
        <id>30</id>
        <pos_x>1.68889986067</pos_x>
        <pos_z>-5.98820633301</pos_z>
        <rotation>-3338.50571268</rotation>
      </Frame>
      <Frame>
        <id>31</id>
        <pos_x>1.6889132205</pos_x>
        <pos_z>-5.98820313023</pos_z>
        <rotation>-3338.50638421</rotation>
      </Frame>
      <Frame>
        <id>32</id>
        <pos_x>1.68892658063</pos_x>
        <pos_z>-5.98819992733</pos_z>
        <rotation>-3338.50705575</rotation>
      </Frame>
      <Frame>
        <id>33</id>
        <pos_x>1.68893994107</pos_x>
        <pos_z>-5.9881967243</pos_z>
        <rotation>-3338.50772729</rotation>
      </Frame>
      <Frame>
        <id>34</id>
        <pos_x>1.68895330181</pos_x>
        <pos_z>-5.98819352115</pos_z>
        <rotation>-3338.50839883</rotation>
      </Frame>
      <Frame>
        <id>35</id>
        <pos_x>1.68896666286</pos_x>
        <pos_z>-5.98819031789</pos_z>
        <rotation>-3338.50907037</rotation>
      </Frame>
      <Frame>
        <id>36</id>
        <pos_x>1.68898002422</pos_x>
        <pos_z>-5.98818711449</pos_z>
        <rotation>-3338.50974191</rotation>
      </Frame>
      <Frame>
        <id>37</id>
        <pos_x>1.68899338587</pos_x>
        <pos_z>-5.98818391098</pos_z>
        <rotation>-3338.51041345</rotation>
      </Frame>
      <Frame>
        <id>38</id>
        <pos_x>1.68900674784</pos_x>
        <pos_z>-5.98818070734</pos_z>
        <rotation>-3338.51108498</rotation>
      </Frame>
      <Frame>
        <id>39</id>
        <pos_x>1.68902011011</pos_x>
        <pos_z>-5.98817750358</pos_z>
        <rotation>-3338.51175652</rotation>
      </Frame>
      <Frame>
        <id>40</id>
        <pos_x>1.68903347268</pos_x>
        <pos_z>-5.9881742997</pos_z>
        <rotation>-3338.51242806</rotation>
      </Frame>
      <Frame>
        <id>41</id>
        <pos_x>1.68904683556</pos_x>
        <pos_z>-5.9881710957</pos_z>
        <rotation>-3338.5130996</rotation>
      </Frame>
      <Frame>
        <id>42</id>
        <pos_x>1.68906019874</pos_x>
        <pos_z>-5.98816789157</pos_z>
        <rotation>-3338.51377114</rotation>
      </Frame>
      <Frame>
        <id>43</id>
        <pos_x>1.68907356222</pos_x>
        <pos_z>-5.98816468732</pos_z>
        <rotation>-3338.51444268</rotation>
      </Frame>
      <Frame>
        <id>44</id>
        <pos_x>1.68908692602</pos_x>
        <pos_z>-5.98816148294</pos_z>
        <rotation>-3338.51511422</rotation>
      </Frame>
      <Frame>
        <id>45</id>
        <pos_x>1.68910029011</pos_x>
        <pos_z>-5.98815827844</pos_z>
        <rotation>-3338.51578575</rotation>
      </Frame>
      <Frame>
        <id>46</id>
        <pos_x>1.68911365451</pos_x>
        <pos_z>-5.98815507382</pos_z>
        <rotation>-3338.51645729</rotation>
      </Frame>
      <Frame>
        <id>47</id>
        <pos_x>1.68912701922</pos_x>
        <pos_z>-5.98815186907</pos_z>
        <rotation>-3338.51712883</rotation>
      </Frame>
      <Frame>
        <id>48</id>
        <pos_x>1.68914038423</pos_x>
        <pos_z>-5.98814866419</pos_z>
        <rotation>-3338.51780037</rotation>
      </Frame>
      <Frame>
        <id>49</id>
        <pos_x>1.68915374954</pos_x>
        <pos_z>-5.9881454592</pos_z>
        <rotation>-3338.51847191</rotation>
      </Frame>
      <Frame>
        <id>50</id>
        <pos_x>1.68916711515</pos_x>
        <pos_z>-5.98814225407</pos_z>
        <rotation>-3338.51914345</rotation>
      </Frame>
      <Frame>
        <id>51</id>
        <pos_x>1.68918048107</pos_x>
        <pos_z>-5.98813904883</pos_z>
        <rotation>-3338.51981499</rotation>
      </Frame>
      <Frame>
        <id>52</id>
        <pos_x>1.6891938473</pos_x>
        <pos_z>-5.98813584345</pos_z>
        <rotation>-3338.52048652</rotation>
      </Frame>
      <Frame>
        <id>53</id>
        <pos_x>1.68920721383</pos_x>
        <pos_z>-5.98813263795</pos_z>
        <rotation>-3338.52115806</rotation>
      </Frame>
      <Frame>
        <id>54</id>
        <pos_x>1.68922058066</pos_x>
        <pos_z>-5.98812943233</pos_z>
        <rotation>-3338.5218296</rotation>
      </Frame>
      <Frame>
        <id>55</id>
        <pos_x>1.6892339478</pos_x>
        <pos_z>-5.98812622658</pos_z>
        <rotation>-3338.52250114</rotation>
      </Frame>
      <Frame>
        <id>56</id>
        <pos_x>1.68924731524</pos_x>
        <pos_z>-5.9881230207</pos_z>
        <rotation>-3338.52317268</rotation>
      </Frame>
      <Frame>
        <id>57</id>
        <pos_x>1.68926068298</pos_x>
        <pos_z>-5.9881198147</pos_z>
        <rotation>-3338.52384422</rotation>
      </Frame>
      <Frame>
        <id>58</id>
        <pos_x>1.68927405103</pos_x>
        <pos_z>-5.98811660857</pos_z>
        <rotation>-3338.52451576</rotation>
      </Frame>
      <Frame>
        <id>59</id>
        <pos_x>1.68928741938</pos_x>
        <pos_z>-5.98811340232</pos_z>
        <rotation>-3338.52518729</rotation>
      </Frame>
      <Frame>
        <id>60</id>
        <pos_x>1.68930078804</pos_x>
        <pos_z>-5.98811019593</pos_z>
        <rotation>-3338.52585883</rotation>
      </Frame>
      <Frame>
        <id>61</id>
        <pos_x>1.689314157</pos_x>
        <pos_z>-5.98810698942</pos_z>
        <rotation>-3338.52653037</rotation>
      </Frame>
      <Frame>
        <id>62</id>
        <pos_x>1.68932752626</pos_x>
        <pos_z>-5.98810378279</pos_z>
        <rotation>-3338.52720191</rotation>
      </Frame>
      <Frame>
        <id>63</id>
        <pos_x>1.68934089583</pos_x>
        <pos_z>-5.98810057602</pos_z>
        <rotation>-3338.52787345</rotation>
      </Frame>
      <Frame>
        <id>64</id>
        <pos_x>1.68935426569</pos_x>
        <pos_z>-5.98809736913</pos_z>
        <rotation>-3338.52854499</rotation>
      </Frame>
      <Frame>
        <id>65</id>
        <pos_x>1.68936763587</pos_x>
        <pos_z>-5.98809416211</pos_z>
        <rotation>-3338.52921653</rotation>
      </Frame>
      <Frame>
        <id>66</id>
        <pos_x>1.68938100634</pos_x>
        <pos_z>-5.98809095497</pos_z>
        <rotation>-3338.52988806</rotation>
      </Frame>
      <Frame>
        <id>67</id>
        <pos_x>1.68939437712</pos_x>
        <pos_z>-5.98808774769</pos_z>
        <rotation>-3338.5305596</rotation>
      </Frame>
      <Frame>
        <id>68</id>
        <pos_x>1.6894077482</pos_x>
        <pos_z>-5.98808454029</pos_z>
        <rotation>-3338.53123114</rotation>
      </Frame>
      <Frame>
        <id>69</id>
        <pos_x>1.68942111959</pos_x>
        <pos_z>-5.98808133276</pos_z>
        <rotation>-3338.53190268</rotation>
      </Frame>
      <Frame>
        <id>70</id>
        <pos_x>1.68943449128</pos_x>
        <pos_z>-5.9880781251</pos_z>
        <rotation>-3338.53257422</rotation>
      </Frame>
      <Frame>
        <id>71</id>
        <pos_x>1.68944786327</pos_x>
        <pos_z>-5.98807491731</pos_z>
        <rotation>-3338.53324576</rotation>
      </Frame>
      <Frame>
        <id>72</id>
        <pos_x>1.68946123556</pos_x>
        <pos_z>-5.98807170939</pos_z>
        <rotation>-3338.5339173</rotation>
      </Frame>
      <Frame>
        <id>73</id>
        <pos_x>1.68947460816</pos_x>
        <pos_z>-5.98806850134</pos_z>
        <rotation>-3338.53458883</rotation>
      </Frame>
      <Frame>
        <id>74</id>
        <pos_x>1.68948798106</pos_x>
        <pos_z>-5.98806529316</pos_z>
        <rotation>-3338.53526037</rotation>
      </Frame>
      <Frame>
        <id>75</id>
        <pos_x>1.68950135426</pos_x>
        <pos_z>-5.98806208486</pos_z>
        <rotation>-3338.53593191</rotation>
      </Frame>
      <Frame>
        <id>76</id>
        <pos_x>1.68951472776</pos_x>
        <pos_z>-5.98805887642</pos_z>
        <rotation>-3338.53660345</rotation>
      </Frame>
      <Frame>
        <id>77</id>
        <pos_x>1.68952810157</pos_x>
        <pos_z>-5.98805566785</pos_z>
        <rotation>-3338.53727499</rotation>
      </Frame>
      <Frame>
        <id>78</id>
        <pos_x>1.68954147568</pos_x>
        <pos_z>-5.98805245916</pos_z>
        <rotation>-3338.53794653</rotation>
      </Frame>
      <Frame>
        <id>79</id>
        <pos_x>1.68955485009</pos_x>
        <pos_z>-5.98804925033</pos_z>
        <rotation>-3338.53861807</rotation>
      </Frame>
      <Frame>
        <id>80</id>
        <pos_x>1.68956822481</pos_x>
        <pos_z>-5.98804604137</pos_z>
        <rotation>-3338.5392896</rotation>
      </Frame>
      <Frame>
        <id>81</id>
        <pos_x>1.68958159982</pos_x>
        <pos_z>-5.98804283228</pos_z>
        <rotation>-3338.53996114</rotation>
      </Frame>
      <Frame>
        <id>82</id>
        <pos_x>1.68959497514</pos_x>
        <pos_z>-5.98803962307</pos_z>
        <rotation>-3338.54063268</rotation>
      </Frame>
      <Frame>
        <id>83</id>
        <pos_x>1.68960835076</pos_x>
        <pos_z>-5.98803641372</pos_z>
        <rotation>-3338.54130422</rotation>
      </Frame>
      <Frame>
        <id>84</id>
        <pos_x>1.68962172669</pos_x>
        <pos_z>-5.98803320423</pos_z>
        <rotation>-3338.54197576</rotation>
      </Frame>
      <Frame>
        <id>85</id>
        <pos_x>1.68963510291</pos_x>
        <pos_z>-5.98802999462</pos_z>
        <rotation>-3338.5426473</rotation>
      </Frame>
      <Frame>
        <id>86</id>
        <pos_x>1.68964847944</pos_x>
        <pos_z>-5.98802678488</pos_z>
        <rotation>-3338.54331884</rotation>
      </Frame>
      <Frame>
        <id>87</id>
        <pos_x>1.68966185627</pos_x>
        <pos_z>-5.988023575</pos_z>
        <rotation>-3338.54399037</rotation>
      </Frame>
      <Frame>
        <id>88</id>
        <pos_x>1.6896752334</pos_x>
        <pos_z>-5.98802036499</pos_z>
        <rotation>-3338.54466191</rotation>
      </Frame>
      <Frame>
        <id>89</id>
        <pos_x>1.68968861083</pos_x>
        <pos_z>-5.98801715485</pos_z>
        <rotation>-3338.54533345</rotation>
      </Frame>
      <Frame>
        <id>90</id>
        <pos_x>1.68970198857</pos_x>
        <pos_z>-5.98801394458</pos_z>
        <rotation>-3338.54600499</rotation>
      </Frame>
      <Frame>
        <id>91</id>
        <pos_x>1.68971536661</pos_x>
        <pos_z>-5.98801073417</pos_z>
        <rotation>-3338.54667653</rotation>
      </Frame>
      <Frame>
        <id>92</id>
        <pos_x>1.68972874494</pos_x>
        <pos_z>-5.98800752363</pos_z>
        <rotation>-3338.54734807</rotation>
      </Frame>
      <Frame>
        <id>93</id>
        <pos_x>1.68974212358</pos_x>
        <pos_z>-5.98800431296</pos_z>
        <rotation>-3338.54801961</rotation>
      </Frame>
      <Frame>
        <id>94</id>
        <pos_x>1.68975550252</pos_x>
        <pos_z>-5.98800110216</pos_z>
        <rotation>-3338.54869115</rotation>
      </Frame>
      <Frame>
        <id>95</id>
        <pos_x>1.68976888177</pos_x>
        <pos_z>-5.98799789122</pos_z>
        <rotation>-3338.54936268</rotation>
      </Frame>
      <Frame>
        <id>96</id>
        <pos_x>1.68978226131</pos_x>
        <pos_z>-5.98799468015</pos_z>
        <rotation>-3338.55003422</rotation>
      </Frame>
      <Frame>
        <id>97</id>
        <pos_x>1.68979564116</pos_x>
        <pos_z>-5.98799146895</pos_z>
        <rotation>-3338.55070576</rotation>
      </Frame>
      <Frame>
        <id>98</id>
        <pos_x>1.6898090213</pos_x>
        <pos_z>-5.98798825761</pos_z>
        <rotation>-3338.5513773</rotation>
      </Frame>
      <Frame>
        <id>99</id>
        <pos_x>1.68982240175</pos_x>
        <pos_z>-5.98798504613</pos_z>
        <rotation>-3338.55204884</rotation>
      </Frame>
    </Frames>
    <radius>1108.28371815</radius>
    <temperature>219.223558506</temperature>
    <seed>87464015</seed>
    <atmosphereDensity>0</atmosphereDensity>
    <atmosphereHeight>0</atmosphereHeight>
    <outerRadiusScale>1.0025</outerRadiusScale>
    <category>moon</category>
    <name>Moon 1 of Planet 5</name>
  </SerializedPlanet>
</Planets>
<Cameras>
  <SerializedCamera>
    <cam_x>1.68932748455</cam_x>
    <cam_z>-5.988070437</cam_z>
    <cam_y>1.7973947537e-09</cam_y>
    <dir_x>-0.502537184971</dir_x>
    <dir_z>-0.0871377477236</dir_z>
    <dir_y>-0.860153120464</dir_y>
    <up_x>-4.39992265111e-05</up_x>
    <up_z>-7.64859990277e-06</up_z>
    <up_y>1.7973947537e-09</up_y>
    <fov>70</fov>
    <time>0.0</time>
    <frame>0</frame>
  </SerializedCamera>
  <SerializedCamera>
    <cam_x>1.68934075827</cam_x>
    <cam_z>-5.98806670189</cam_z>
    <cam_y>2.44073929827e-06</cam_y>
    <dir_x>-0.499237556035</dir_x>
    <dir_z>-0.078773979188</dir_z>
    <dir_y>-0.862876887422</dir_y>
    <up_x>-4.39320157992e-05</up_x>
    <up_z>-7.63691657202e-06</up_z>
    <up_y>2.44073929827e-06</up_y>
    <fov>70</fov>
    <time>4.30213272651e-06</time>
    <frame>1</frame>
  </SerializedCamera>
  <SerializedCamera>
    <cam_x>1.68935416387</cam_x>
    <cam_z>-5.98806294383</cam_z>
    <cam_y>4.87235317348e-06</cam_y>
    <dir_x>-0.495786449372</dir_x>
    <dir_z>-0.070528674933</dir_z>
    <dir_y>-0.865575821422</dir_y>
    <up_x>-4.37329101262e-05</up_x>
    <up_z>-7.60230529728e-06</up_z>
    <up_y>4.87235317348e-06</up_y>
    <fov>70</fov>
    <time>8.60426545657e-06</time>
    <frame>2</frame>
  </SerializedCamera>
  <SerializedCamera>
    <cam_x>1.68936770078</cam_x>
    <cam_z>-5.98805916291</cam_z>
    <cam_y>7.28933632261e-06</cam_y>
    <dir_x>-0.492186811135</dir_x>
    <dir_z>-0.0624047271115</dir_z>
    <dir_y>-0.868249844791</dir_y>
    <up_x>-4.34024876386e-05</up_x>
    <up_z>-7.5448665795e-06</up_z>
    <up_y>7.28933632261e-06</up_y>
    <fov>70</fov>
    <time>1.29063981831e-05</time>
    <frame>3</frame>
  </SerializedCamera>
  <SerializedCamera>
    <cam_x>1.68938136804</cam_x>
    <cam_z>-5.98805535931</cam_z>
    <cam_y>9.684426655e-06</cam_y>
    <dir_x>-0.488441644344</dir_x>
    <dir_z>-0.0544049620123</dir_z>
    <dir_y>-0.870898880571</dir_y>
    <up_x>-4.29417144394e-05</up_x>
    <up_z>-7.46476835989e-06</up_z>
    <up_y>9.684426655e-06</up_y>
    <fov>70</fov>
    <time>1.72085309096e-05</time>
    <frame>4</frame>
  </SerializedCamera>
  <SerializedCamera>
    <cam_x>1.68939516428</cam_x>
    <cam_z>-5.98805153325</cam_z>
    <cam_y>1.20504239208e-05</cam_y>
    <dir_x>-0.484554007479</dir_x>
    <dir_z>-0.0465321389241</dir_z>
    <dir_y>-0.873522852525</dir_y>
    <up_x>-4.23519420347e-05</up_x>
    <up_z>-7.36224557762e-06</up_z>
    <up_y>1.20504239208e-05</up_y>
    <fov>70</fov>
    <time>2.15106636396e-05</time>
    <frame>5</frame>
  </SerializedCamera>
  <SerializedCamera>
    <cam_x>1.68940908779</cam_x>
    <cam_z>-5.98804768504</cam_z>
    <cam_y>1.43802096208e-05</cam_y>
    <dir_x>-0.480527013043</dir_x>
    <dir_z>-0.0387889490298</dir_z>
    <dir_y>-0.876121685138</dir_y>
    <up_x>-4.16349039691e-05</up_x>
    <up_z>-7.23759958188e-06</up_z>
    <up_y>1.43802096208e-05</up_y>
    <fov>70</fov>
    <time>2.58127963662e-05</time>
    <frame>6</frame>
  </SerializedCamera>
  <SerializedCamera>
    <cam_x>1.68942313644</cam_x>
    <cam_z>-5.98804381504</cam_z>
    <cam_y>1.66667677627e-05</cam_y>
    <dir_x>-0.476363826108</dir_x>
    <dir_z>-0.0311780143307</dir_z>
    <dir_y>-0.878695303617</dir_y>
    <up_x>-4.07927112949e-05</up_x>
    <up_z>-7.09119734665e-06</up_z>
    <up_y>1.66667677627e-05</up_y>
    <fov>70</fov>
    <time>3.01149290927e-05</time>
    <frame>7</frame>
  </SerializedCamera>
  <SerializedCamera>
    <cam_x>1.68943730775</cam_x>
    <cam_z>-5.98803992369</cam_z>
    <cam_y>1.89032049975e-05</cam_y>
    <dir_x>-0.472067662831</dir_x>
    <dir_z>-0.0237018866017</dir_z>
    <dir_y>-0.881243633895</dir_y>
    <up_x>-3.98278470877e-05</up_x>
    <up_z>-6.9234705169e-06</up_z>
    <up_y>1.89032049975e-05</up_y>
    <fov>70</fov>
    <time>3.44170618227e-05</time>
    <frame>8</frame>
  </SerializedCamera>
  <SerializedCamera>
    <cam_x>1.68945159888</cam_x>
    <cam_z>-5.98803601148</cam_z>
    <cam_y>2.10827707449e-05</cam_y>
    <dir_x>-0.467641788962</dir_x>
    <dir_z>-0.016363046377</dir_z>
    <dir_y>-0.883766602633</dir_y>
    <up_x>-3.87431598672e-05</up_x>
    <up_z>-6.73491426273e-06</up_z>
    <up_y>2.10827707449e-05</up_y>
    <fov>70</fov>
    <time>3.87191945492e-05</time>
    <frame>9</frame>
  </SerializedCamera>
  <SerializedCamera>
    <cam_x>1.68946600661</cam_x>
    <cam_z>-5.98803207896</cam_z>
    <cam_y>2.3198876627e-05</cam_y>
    <dir_x>-0.463089518316</dir_x>
    <dir_z>-0.00916390196758</dir_z>
    <dir_y>-0.886264137222</dir_y>
    <up_x>-3.75418561633e-05</up_x>
    <up_z>-6.52608599072e-06</up_z>
    <up_y>2.3198876627e-05</up_y>
    <fov>70</fov>
    <time>4.30213272757e-05</time>
    <frame>10</frame>
  </SerializedCamera>
  <SerializedCamera>
    <cam_x>1.6894805274</cam_x>
    <cam_z>-5.98802812677</cam_z>
    <cam_y>2.52451160958e-05</cam_y>
    <dir_x>-0.458414211241</dir_x>
    <dir_z>-0.00210678851076</dir_z>
    <dir_y>-0.888736165785</dir_y>
    <up_x>-3.62274918142e-05</up_x>
    <up_z>-6.29760382953e-06</up_z>
    <up_y>2.52451160958e-05</up_y>
    <fov>70</fov>
    <time>4.73234600058e-05</time>
    <frame>11</frame>
  </SerializedCamera>
  <SerializedCamera>
    <cam_x>1.68949515735</cam_x>
    <cam_z>-5.98802415557</cam_z>
    <cam_y>2.72152829186e-05</cam_y>
    <dir_x>-0.453619273054</dir_x>
    <dir_z>0.00480603294838</dir_z>
    <dir_y>-0.891182617178</dir_y>
    <up_x>-3.48039626799e-05</up_x>
    <up_z>-6.0501450152e-06</up_z>
    <up_y>2.72152829186e-05</up_y>
    <fov>70</fov>
    <time>5.16255927323e-05</time>
    <frame>12</frame>
  </SerializedCamera>
  <SerializedCamera>
    <cam_x>1.68950989222</cam_x>
    <cam_z>-5.9880201661</cam_z>
    <cam_y>2.91033899352e-05</cam_y>
    <dir_x>-0.448708152468</dir_x>
    <dir_z>0.0115723763426</dir_z>
    <dir_y>-0.893603420995</dir_y>
    <up_x>-3.3275493958e-05</up_x>
    <up_z>-5.78444403221e-06</up_z>
    <up_y>2.91033899352e-05</up_y>
    <fov>70</fov>
    <time>5.59277254588e-05</time>
    <frame>13</frame>
  </SerializedCamera>
  <SerializedCamera>
    <cam_x>1.68952472748</cam_x>
    <cam_z>-5.98801615915</cam_z>
    <cam_y>3.09036869076e-05</cam_y>
    <dir_x>-0.443684339995</dir_x>
    <dir_z>0.0181901314352</dir_z>
    <dir_y>-0.895998507567</dir_y>
    <up_x>-3.16466287476e-05</up_x>
    <up_z>-5.50129063104e-06</up_z>
    <up_y>3.09036869076e-05</up_y>
    <fov>70</fov>
    <time>6.02298581889e-05</time>
    <frame>14</frame>
  </SerializedCamera>
  <SerializedCamera>
    <cam_x>1.68953965829</cam_x>
    <cam_z>-5.98801213555</cam_z>
    <cam_y>3.26106776637e-05</cam_y>
    <dir_x>-0.438551366335</dir_x>
    <dir_z>0.0246572646393</dir_z>
    <dir_y>-0.898367807964</dir_y>
    <up_x>-2.99222158544e-05</up_x>
    <up_z>-5.201527701e-06</up_z>
    <up_y>3.26106776637e-05</up_y>
    <fov>70</fov>
    <time>6.45319909154e-05</time>
    <frame>15</frame>
  </SerializedCamera>
  <SerializedCamera>
    <cam_x>1.68955467949</cam_x>
    <cam_z>-5.98800809622</cam_z>
    <cam_y>3.42191374479e-05</cam_y>
    <dir_x>-0.433312800752</dir_x>
    <dir_z>0.0309718198034</dir_z>
    <dir_y>-0.900711254</dir_y>
    <up_x>-2.81073958601e-05</up_x>
    <up_z>-4.88604885529e-06</up_z>
    <up_y>3.42191374479e-05</up_y>
    <fov>70</fov>
    <time>6.88341236419e-05</time>
    <frame>16</frame>
  </SerializedCamera>
  <SerializedCamera>
    <cam_x>1.68956978567</cam_x>
    <cam_z>-5.98800404208</cam_z>
    <cam_y>3.5724128099e-05</cam_y>
    <dir_x>-0.427972249425</dir_x>
    <dir_z>0.0371319189631</dir_z>
    <dir_y>-0.903028778233</dir_y>
    <up_x>-2.62075878001e-05</up_x>
    <up_z>-4.55579610925e-06</up_z>
    <up_y>3.5724128099e-05</up_y>
    <fov>70</fov>
    <time>7.3136256372e-05</time>
    <frame>17</frame>
  </SerializedCamera>
  <SerializedCamera>
    <cam_x>1.68958497115</cam_x>
    <cam_z>-5.98799997412</cam_z>
    <cam_y>3.71210137899e-05</cam_y>
    <dir_x>-0.422533353793</dir_x>
    <dir_z>0.0431357630579</dir_z>
    <dir_y>-0.905320313965</dir_y>
    <up_x>-2.42284738317e-05</up_x>
    <up_z>-4.21175722032e-06</up_z>
    <up_y>3.71210137899e-05</up_y>
    <fov>70</fov>
    <time>7.74383890985e-05</time>
    <frame>18</frame>
  </SerializedCamera>
  <SerializedCamera>
    <cam_x>1.68960023</cam_x>
    <cam_z>-5.98799589338</cam_z>
    <cam_y>3.84054758212e-05</cam_y>
    <dir_x>-0.416999788884</dir_x>
    <dir_z>0.048981632614</dir_z>
    <dir_y>-0.907585795249</dir_y>
    <up_x>-2.21759830867e-05</up_x>
    <up_z>-3.85496287869e-06</up_z>
    <up_y>3.84054758212e-05</up_y>
    <fov>70</fov>
    <time>8.1740521825e-05</time>
    <frame>19</frame>
  </SerializedCamera>
  <SerializedCamera>
    <cam_x>1.68961555606</cam_x>
    <cam_z>-5.98799180093</cam_z>
    <cam_y>3.95735261812e-05</cam_y>
    <dir_x>-0.411375261628</dir_x>
    <dir_z>0.0546678883916</dir_z>
    <dir_y>-0.909825156884</dir_y>
    <up_x>-2.00562753101e-05</up_x>
    <up_z>-3.48648386161e-06</up_z>
    <up_y>3.95735261812e-05</up_y>
    <fov>70</fov>
    <time>8.6042654555e-05</time>
    <frame>20</frame>
  </SerializedCamera>
  <SerializedCamera>
    <cam_x>1.68963094295</cam_x>
    <cam_z>-5.98798769787</cam_z>
    <cam_y>4.06215207291e-05</cam_y>
    <dir_x>-0.405663509157</dir_x>
    <dir_z>0.0601929719978</dir_z>
    <dir_y>-0.912038334425</dir_y>
    <up_x>-1.78757230003e-05</up_x>
    <up_z>-3.10742793097e-06</up_z>
    <up_y>4.06215207291e-05</up_y>
    <fov>70</fov>
    <time>9.03447872815e-05</time>
    <frame>21</frame>
  </SerializedCamera>
  <SerializedCamera>
    <cam_x>1.68964638412</cam_x>
    <cam_z>-5.98798358535</cam_z>
    <cam_y>4.15461710737e-05</cam_y>
    <dir_x>-0.399868297098</dir_x>
    <dir_z>0.0655554064628</dir_z>
    <dir_y>-0.914225264177</dir_y>
    <up_x>-1.56408934422e-05</up_x>
    <up_z>-2.71893671044e-06</up_z>
    <up_y>4.15461710737e-05</up_y>
    <fov>70</fov>
    <time>9.46469200116e-05</time>
    <frame>22</frame>
  </SerializedCamera>
  <SerializedCamera>
    <cam_x>1.68966187281</cam_x>
    <cam_z>-5.98797946453</cam_z>
    <cam_y>4.23445557215e-05</cam_y>
    <dir_x>-0.39399341785</dir_x>
    <dir_z>0.0707537967817</dir_z>
    <dir_y>-0.916385883202</dir_y>
    <up_x>-1.33585296702e-05</up_x>
    <up_z>-2.3221823735e-06</up_z>
    <up_y>4.23445557215e-05</up_y>
    <fov>70</fov>
    <time>9.89490527381e-05</time>
    <frame>23</frame>
  </SerializedCamera>
  <SerializedCamera>
    <cam_x>1.68967740212</cam_x>
    <cam_z>-5.98797533662</cam_z>
    <cam_y>4.30141301568e-05</cam_y>
    <dir_x>-0.38804268885</dir_x>
    <dir_z>0.0757868304196</dir_z>
    <dir_y>-0.918520129319</dir_y>
    <up_x>-1.10355308958e-05</up_x>
    <up_z>-1.91836424346e-06</up_z>
    <up_y>4.30141301568e-05</up_y>
    <fov>70</fov>
    <time>0.000103251185465</time>
    <frame>24</frame>
  </SerializedCamera>
  <SerializedCamera>
    <cam_x>1.68969296503</cam_x>
    <cam_z>-5.98797120284</cam_z>
    <cam_y>4.3552735876e-05</cam_y>
    <dir_x>-0.382019950836</dir_x>
    <dir_z>0.0806532777809</dir_z>
    <dir_y>-0.920627941107</dir_y>
    <up_x>-8.67893233747e-06</up_x>
    <up_z>-1.50870528692e-06</up_z>
    <up_y>4.3552735876e-05</up_y>
    <fov>70</fov>
    <time>0.000107553318195</time>
    <frame>25</frame>
  </SerializedCamera>
  <SerializedCamera>
    <cam_x>1.68970855438</cam_x>
    <cam_z>-5.98796706444</cam_z>
    <cam_y>4.39586083468e-05</cam_y>
    <dir_x>-0.375929066091</dir_x>
    <dir_z>0.0853519926422</dir_z>
    <dir_y>-0.922709257903</dir_y>
    <up_x>-6.29588445578e-06</up_x>
    <up_z>-1.09444850338e-06</up_z>
    <up_y>4.39586083468e-05</up_y>
    <fov>70</fov>
    <time>0.000111855450921</time>
    <frame>26</frame>
  </SerializedCamera>
  <SerializedCamera>
    <cam_x>1.68972416292</cam_x>
    <cam_z>-5.98796292266</cam_z>
    <cam_y>4.42303838788e-05</cam_y>
    <dir_x>-0.369773916688</dir_x>
    <dir_z>0.0898819125485</dir_z>
    <dir_y>-0.924764019809</dir_y>
    <up_x>-3.89363131914e-06</up_x>
    <up_z>-6.76853162851e-07</up_z>
    <up_y>4.42303838788e-05</up_y>
    <fov>70</fov>
    <time>0.000116157583648</time>
    <frame>27</frame>
  </SerializedCamera>
  <SerializedCamera>
    <cam_x>1.68973978335</cam_x>
    <cam_z>-5.98795877879</cam_z>
    <cam_y>4.43671050997e-05</cam_y>
    <dir_x>-0.36355840272</dir_x>
    <dir_z>0.0942420591733</dir_z>
    <dir_y>-0.926792167691</dir_y>
    <up_x>-1.47949047169e-06</up_x>
    <up_z>-2.57191311803e-07</up_z>
    <up_y>4.43671050997e-05</up_y>
    <fov>70</fov>
    <time>0.000120459716378</time>
    <frame>28</frame>
  </SerializedCamera>
  <SerializedCamera>
    <cam_x>1.68975540829</cam_x>
    <cam_z>-5.98795463411</cam_z>
    <cam_y>4.43682257396e-05</cam_y>
    <dir_x>-0.357286440532</dir_x>
    <dir_z>0.0984315386416</dir_z>
    <dir_y>-0.92879364318</dir_y>
    <up_x>9.39171348024e-07</up_x>
    <up_z>1.63256456354e-07</up_z>
    <up_y>4.43682257396e-05</up_y>
    <fov>70</fov>
    <time>0.000124761849104</time>
    <frame>29</frame>
  </SerializedCamera>
  <SerializedCamera>
    <cam_x>1.68977103034</cam_x>
    <cam_z>-5.98795048989</cam_z>
    <cam_y>4.42336136737e-05</cam_y>
    <dir_x>-0.350961960936</dir_x>
    <dir_z>0.102449541816</dir_z>
    <dir_y>-0.930768388675</dir_y>
    <up_x>3.35495856008e-06</up_x>
    <up_z>5.83204529114e-07</up_z>
    <up_y>4.42336136737e-05</up_y>
    <fov>70</fov>
    <time>0.000129063981831</time>
    <frame>30</frame>
  </SerializedCamera>
  <SerializedCamera>
    <cam_x>1.68978664211</cam_x>
    <cam_z>-5.98794634744</cam_z>
    <cam_y>4.39635529772e-05</cam_y>
    <dir_x>-0.34458890743</dir_x>
    <dir_z>0.106295344545</dir_z>
    <dir_y>-0.932716347345</dir_y>
    <up_x>5.76047143541e-06</up_x>
    <up_z>1.0013665781e-06</up_z>
    <up_y>4.39635529772e-05</up_y>
    <fov>70</fov>
    <time>0.000133366114561</time>
    <frame>31</frame>
  </SerializedCamera>
  <SerializedCamera>
    <cam_x>1.68980223622</cam_x>
    <cam_z>-5.98794220802</cam_z>
    <cam_y>4.3558744708e-05</cam_y>
    <dir_x>-0.338171234408</dir_x>
    <dir_z>0.109968307877</dir_z>
    <dir_y>-0.934637463127</dir_y>
    <up_x>8.14832668028e-06</up_x>
    <up_z>1.41645912777e-06</up_z>
    <up_y>4.3558744708e-05</up_y>
    <fov>70</fov>
    <time>0.000137668247287</time>
    <frame>32</frame>
  </SerializedCamera>
  <SerializedCamera>
    <cam_x>1.68981780532</cam_x>
    <cam_z>-5.98793807292</cam_z>
    <cam_y>4.30203060445e-05</cam_y>
    <dir_x>-0.331712905369</dir_x>
    <dir_z>0.113467878232</dir_z>
    <dir_y>-0.936531680735</dir_y>
    <up_x>1.05111829158e-05</up_x>
    <up_z>1.82720599007e-06</up_z>
    <up_y>4.30203060445e-05</up_y>
    <fov>70</fov>
    <time>0.000141970380014</time>
    <frame>33</frame>
  </SerializedCamera>
  <SerializedCamera>
    <cam_x>1.68983334213</cam_x>
    <cam_z>-5.9879339434</cam_z>
    <cam_y>4.23497684756e-05</cam_y>
    <dir_x>-0.325217891119</dir_x>
    <dir_z>0.116793587542</dir_z>
    <dir_y>-0.938398945654</dir_y>
    <up_x>1.28417620167e-05</up_x>
    <up_z>2.23234197438e-06</up_z>
    <up_y>4.23497684756e-05</up_y>
    <fov>70</fov>
    <time>0.000146272512744</time>
    <frame>34</frame>
  </SerializedCamera>
  <SerializedCamera>
    <cam_x>1.68984883947</cam_x>
    <cam_z>-5.98792982071</cam_z>
    <cam_y>4.15490745371e-05</cam_y>
    <dir_x>-0.318690167975</dir_x>
    <dir_z>0.119945053351</dir_z>
    <dir_y>-0.940239204146</dir_y>
    <up_x>1.51328723352e-05</up_x>
    <up_z>2.63061691985e-06</up_z>
    <up_y>4.15490745371e-05</up_y>
    <fov>70</fov>
    <time>0.00015057464547</time>
    <frame>35</frame>
  </SerializedCamera>
  <SerializedCamera>
    <cam_x>1.68986429025</cam_x>
    <cam_z>-5.98792570609</cam_z>
    <cam_y>4.06205731506e-05</cam_y>
    <dir_x>-0.312133715967</dir_x>
    <dir_z>0.122921978875</dir_z>
    <dir_y>-0.942052403248</dir_y>
    <up_x>1.73774317334e-05</up_x>
    <up_z>3.0207997046e-06</up_z>
    <up_y>4.06205731506e-05</up_y>
    <fov>70</fov>
    <time>0.000154876778197</time>
    <frame>36</frame>
  </SerializedCamera>
  <SerializedCamera>
    <cam_x>1.68987968752</cam_x>
    <cam_z>-5.98792160074</cam_z>
    <cam_y>3.95670136876e-05</cam_y>
    <dir_x>-0.305552517037</dir_x>
    <dir_z>0.125724153029</dir_z>
    <dir_y>-0.94383849078</dir_y>
    <up_x>1.95684901447e-05</up_x>
    <up_z>3.40168216439e-06</up_z>
    <up_y>3.95670136876e-05</up_y>
    <fov>70</fov>
    <time>0.000159178910927</time>
    <frame>37</frame>
  </SerializedCamera>
  <SerializedCamera>
    <cam_x>1.68989502448</cam_x>
    <cam_z>-5.98791750584</cam_z>
    <cam_y>3.83915386595e-05</cam_y>
    <dir_x>-0.298950553239</dir_x>
    <dir_z>0.128351450419</dir_z>
    <dir_y>-0.945597415338</dir_y>
    <up_x>2.1699251965e-05</up_x>
    <up_z>3.77208298552e-06</up_z>
    <up_y>3.83915386595e-05</up_y>
    <fov>70</fov>
    <time>0.000163481043653</time>
    <frame>38</frame>
  </SerializedCamera>
  <SerializedCamera>
    <cam_x>1.68991029452</cam_x>
    <cam_z>-5.98791342254</cam_z>
    <cam_y>3.70976750248e-05</cam_y>
    <dir_x>-0.292331804945</dir_x>
    <dir_z>0.130803831286</dir_z>
    <dir_y>-0.947329126301</dir_y>
    <up_x>2.37630981685e-05</up_x>
    <up_z>4.1308515506e-06</up_z>
    <up_y>3.70976750248e-05</up_y>
    <fov>70</fov>
    <time>0.00016778317638</time>
    <frame>39</frame>
  </SerializedCamera>
  <SerializedCamera>
    <cam_x>1.68992549121</cam_x>
    <cam_z>-5.98790935197</cam_z>
    <cam_y>3.56893243245e-05</cam_y>
    <dir_x>-0.285700249041</dir_x>
    <dir_z>0.133081341424</dir_z>
    <dir_y>-0.949033573833</dir_y>
    <up_x>2.57536077124e-05</up_x>
    <up_z>4.47687165828e-06</up_z>
    <up_y>3.56893243245e-05</up_y>
    <fov>70</fov>
    <time>0.00017208530911</time>
    <frame>40</frame>
  </SerializedCamera>
  <SerializedCamera>
    <cam_x>1.68994060836</cam_x>
    <cam_z>-5.98790529519</cam_z>
    <cam_y>3.41707512219e-05</cam_y>
    <dir_x>-0.279059857139</dir_x>
    <dir_z>0.135184112054</dir_z>
    <dir_y>-0.950710708881</dir_y>
    <up_x>2.76645788837e-05</up_x>
    <up_z>4.80906523315e-06</up_z>
    <up_y>3.41707512219e-05</up_y>
    <fov>70</fov>
    <time>0.000176387441837</time>
    <frame>41</frame>
  </SerializedCamera>
  <SerializedCamera>
    <cam_x>1.68995564</cam_x>
    <cam_z>-5.98790125324</cam_z>
    <cam_y>3.25465712357e-05</cam_y>
    <dir_x>-0.272414593785</dir_x>
    <dir_z>0.137112359667</dir_z>
    <dir_y>-0.952360483178</dir_y>
    <up_x>2.94900493718e-05</up_x>
    <up_z>5.12639581807e-06</up_z>
    <up_y>3.25465712357e-05</up_y>
    <fov>70</fov>
    <time>0.000180689574563</time>
    <frame>42</frame>
  </SerializedCamera>
  <SerializedCamera>
    <cam_x>1.68997058043</cam_x>
    <cam_z>-5.98789722712</cam_z>
    <cam_y>3.08217365664e-05</cam_y>
    <dir_x>-0.265768414669</dir_x>
    <dir_z>0.138866385819</dir_z>
    <dir_y>-0.953982849245</dir_y>
    <up_x>3.12243165068e-05</up_x>
    <up_z>5.42787208957e-06</up_z>
    <up_y>3.08217365664e-05</up_y>
    <fov>70</fov>
    <time>0.000184991707293</time>
    <frame>43</frame>
  </SerializedCamera>
  <SerializedCamera>
    <cam_x>1.68998542422</cam_x>
    <cam_z>-5.98789321777</cam_z>
    <cam_y>2.90015212378e-05</cam_y>
    <dir_x>-0.259125264847</dir_x>
    <dir_z>0.140446576903</dir_z>
    <dir_y>-0.955577760391</dir_y>
    <up_x>3.28619560239e-05</up_x>
    <up_z>5.71255112014e-06</up_z>
    <up_y>2.90015212378e-05</up_y>
    <fov>70</fov>
    <time>0.00018929384002</time>
    <frame>44</frame>
  </SerializedCamera>
  <SerializedCamera>
    <cam_x>1.69000016625</cam_x>
    <cam_z>-5.98788922607</cam_z>
    <cam_y>2.70915048585e-05</cam_y>
    <dir_x>-0.252489076962</dir_x>
    <dir_z>0.14185340387</dir_z>
    <dir_y>-0.957145170716</dir_y>
    <up_x>3.43978402542e-05</up_x>
    <up_z>5.9795415428e-06</up_z>
    <up_y>2.70915048585e-05</up_y>
    <fov>70</fov>
    <time>0.000193595972746</time>
    <frame>45</frame>
  </SerializedCamera>
  <SerializedCamera>
    <cam_x>1.6900148017</cam_x>
    <cam_z>-5.98788525288</cam_z>
    <cam_y>2.50975556199e-05</cam_y>
    <dir_x>-0.245863769474</dir_x>
    <dir_z>0.143087421929</dir_z>
    <dir_y>-0.958685035111</dir_y>
    <up_x>3.58271551297e-05</up_x>
    <up_z>6.22800650341e-06</up_z>
    <up_y>2.50975556199e-05</up_y>
    <fov>70</fov>
    <time>0.000197898105476</time>
    <frame>46</frame>
  </SerializedCamera>
  <SerializedCamera>
    <cam_x>1.69002932609</cam_x>
    <cam_z>-5.98788129895</cam_z>
    <cam_y>2.30258119974e-05</cam_y>
    <dir_x>-0.239253244897</dir_x>
    <dir_z>0.144149270191</dir_z>
    <dir_y>-0.96019730926</dir_y>
    <up_x>3.71454164809e-05</up_x>
    <up_z>6.45716649572e-06</up_z>
    <up_y>2.30258119974e-05</up_y>
    <fov>70</fov>
    <time>0.000202200238203</time>
    <frame>47</frame>
  </SerializedCamera>
  <SerializedCamera>
    <cam_x>1.69004373528</cam_x>
    <cam_z>-5.98787736503</cam_z>
    <cam_y>2.08826630083e-05</cam_y>
    <dir_x>-0.232661388044</dir_x>
    <dir_z>0.145039671294</dir_z>
    <dir_y>-0.96168194964</dir_y>
    <up_x>3.83484855024e-05</up_x>
    <up_z>6.66630205171e-06</up_z>
    <up_y>2.08826630083e-05</up_y>
    <fov>70</fov>
    <time>0.000206502370929</time>
    <frame>48</frame>
  </SerializedCamera>
  <SerializedCamera>
    <cam_x>1.69005802549</cam_x>
    <cam_z>-5.98787345175</cam_z>
    <cam_y>1.86747282487e-05</cam_y>
    <dir_x>-0.226092064282</dir_x>
    <dir_z>0.145759430984</dir_z>
    <dir_y>-0.963138913526</dir_y>
    <up_x>3.94325825945e-05</up_x>
    <up_z>6.85475614315e-06</up_z>
    <up_y>1.86747282487e-05</up_y>
    <fov>70</fov>
    <time>0.000210804503659</time>
    <frame>49</frame>
  </SerializedCamera>
  <SerializedCamera>
    <cam_x>1.69007219331</cam_x>
    <cam_z>-5.98786955973</cam_z>
    <cam_y>1.64088366364e-05</cam_y>
    <dir_x>-0.219549117791</dir_x>
    <dir_z>0.146309437659</dir_z>
    <dir_y>-0.964568158986</dir_y>
    <up_x>4.03943003078e-05</up_x>
    <up_z>7.02193643676e-06</up_z>
    <up_y>1.64088366364e-05</up_y>
    <fov>70</fov>
    <time>0.000215106636386</time>
    <frame>50</frame>
  </SerializedCamera>
  <SerializedCamera>
    <cam_x>1.69008623572</cam_x>
    <cam_z>-5.98786568947</cam_z>
    <cam_y>1.40920044327e-05</cam_y>
    <dir_x>-0.213036369839</dir_x>
    <dir_z>0.146690661876</dir_z>
    <dir_y>-0.965969644888</dir_y>
    <up_x>4.12306149815e-05</up_x>
    <up_z>7.16731731476e-06</up_z>
    <up_y>1.40920044327e-05</up_y>
    <fov>70</fov>
    <time>0.000219408769112</time>
    <frame>51</frame>
  </SerializedCamera>
  <SerializedCamera>
    <cam_x>1.69010015009</cam_x>
    <cam_z>-5.98786184144</cam_z>
    <cam_y>1.17314127745e-05</cam_y>
    <dir_x>-0.206557617065</dir_x>
    <dir_z>0.146904155831</dir_z>
    <dir_y>-0.967343330898</dir_y>
    <up_x>4.19388970005e-05</up_x>
    <up_z>7.29044165571e-06</up_z>
    <up_y>1.17314127745e-05</up_y>
    <fov>70</fov>
    <time>0.000223710901842</time>
    <frame>52</frame>
  </SerializedCamera>
  <SerializedCamera>
    <cam_x>1.69011393419</cam_x>
    <cam_z>-5.98785801602</cam_z>
    <cam_y>9.33438427491e-06</cam_y>
    <dir_x>-0.200116629775</dir_x>
    <dir_z>0.146951052791</dir_z>
    <dir_y>-0.968689177482</dir_y>
    <up_x>4.2516919831e-05</up_x>
    <up_z>7.39092241187e-06</up_z>
    <up_y>9.33438427491e-06</up_y>
    <fov>70</fov>
    <time>0.000228013034569</time>
    <frame>53</frame>
  </SerializedCamera>
  <SerializedCamera>
    <cam_x>1.6901275862</cam_x>
    <cam_z>-5.98785421353</cam_z>
    <cam_y>6.90835929357e-06</cam_y>
    <dir_x>-0.193717150247</dir_x>
    <dir_z>0.146832566504</dir_z>
    <dir_y>-0.970007145909</dir_y>
    <up_x>4.29628675969e-05</up_x>
    <up_z>7.46844391841e-06</up_z>
    <up_y>6.90835929357e-06</up_y>
    <fov>70</fov>
    <time>0.000232315167295</time>
    <frame>54</frame>
  </SerializedCamera>
  <SerializedCamera>
    <cam_x>1.69014110474</cam_x>
    <cam_z>-5.98785043422</cam_z>
    <cam_y>4.46087138116e-06</cam_y>
    <dir_x>-0.187362891056</dir_x>
    <dir_z>0.146549990558</dir_z>
    <dir_y>-0.971297198247</dir_y>
    <up_x>4.32753412851e-05</up_x>
    <up_z>7.522762977e-06</up_z>
    <up_y>4.46087138116e-06</up_y>
    <fov>70</fov>
    <time>0.000236617300025</time>
    <frame>55</frame>
  </SerializedCamera>
  <SerializedCamera>
    <cam_x>1.69015448882</cam_x>
    <cam_z>-5.98784667825</cam_z>
    <cam_y>1.99952395125e-06</cam_y>
    <dir_x>-0.1810575334</dir_x>
    <dir_z>0.146104697723</dir_z>
    <dir_y>-0.972559297371</dir_y>
    <up_x>4.34533633362e-05</up_x>
    <up_z>7.55370965511e-06</up_z>
    <up_y>1.99952395125e-06</up_y>
    <fov>70</fov>
    <time>0.000240919432752</time>
    <frame>56</frame>
  </SerializedCamera>
  <SerializedCamera>
    <cam_x>1.69016773788</cam_x>
    <cam_z>-5.98784294572</cam_z>
    <cam_y>-4.10723209511e-07</cam_y>
    <dir_x>-0.174804725458</dir_x>
    <dir_z>0.145498139247</dir_z>
    <dir_y>-0.973793406957</dir_y>
    <up_x>4.34963836942e-05</up_x>
    <up_z>7.56118832967e-06</up_z>
    <up_y>-4.10723209511e-07</up_y>
    <fov>70</fov>
    <time>0.000245221565478</time>
    <frame>57</frame>
  </SerializedCamera>
  <SerializedCamera>
    <cam_x>1.69018085212</cam_x>
    <cam_z>-5.98783923659</cam_z>
    <cam_y>-2.45472136113e-06</cam_y>
    <dir_x>-0.168608080747</dir_x>
    <dir_z>0.144731844118</dir_z>
    <dir_y>-0.97499949149</dir_y>
    <up_x>4.34045830486e-05</up_x>
    <up_z>7.54523026369e-06</up_z>
    <up_y>-2.45472136113e-06</up_y>
    <fov>70</fov>
    <time>0.000249523698209</time>
    <frame>58</frame>
  </SerializedCamera>
  <SerializedCamera>
    <cam_x>1.69019383122</cam_x>
    <cam_z>-5.98783555093</cam_z>
    <cam_y>-4.49107384641e-06</cam_y>
    <dir_x>-0.162471176505</dir_x>
    <dir_z>0.143807418298</dir_z>
    <dir_y>-0.976177516258</dir_y>
    <up_x>4.31776538723e-05</up_x>
    <up_z>7.50578214692e-06</up_z>
    <up_y>-4.49107384641e-06</up_y>
    <fov>70</fov>
    <time>0.000253825830935</time>
    <frame>59</frame>
  </SerializedCamera>
  <SerializedCamera>
    <cam_x>1.69020667526</cam_x>
    <cam_z>-5.98783188872</cam_z>
    <cam_y>-6.51337178953e-06</cam_y>
    <dir_x>-0.156397552083</dir_x>
    <dir_z>0.142726543923</dir_z>
    <dir_y>-0.97732744736</dir_y>
    <up_x>4.28156690577e-05</up_x>
    <up_z>7.44285664922e-06</up_z>
    <up_y>-6.51337178953e-06</up_y>
    <fov>70</fov>
    <time>0.000258127963662</time>
    <frame>60</frame>
  </SerializedCamera>
  <SerializedCamera>
    <cam_x>1.69021938434</cam_x>
    <cam_z>-5.98782824993</cam_z>
    <cam_y>-8.51513079146e-06</cam_y>
    <dir_x>-0.150390707364</dir_x>
    <dir_z>0.141490978462</dir_z>
    <dir_y>-0.9784492517</dir_y>
    <up_x>4.23187391845e-05</up_x>
    <up_z>7.35647299432e-06</up_z>
    <up_y>-8.51513079146e-06</up_y>
    <fov>70</fov>
    <time>0.000262430096392</time>
    <frame>61</frame>
  </SerializedCamera>
  <SerializedCamera>
    <cam_x>1.69023195862</cam_x>
    <cam_z>-5.98782463455</cam_z>
    <cam_y>-1.04897547247e-05</cam_y>
    <dir_x>-0.14445410119</dir_x>
    <dir_z>0.140102553852</dir_z>
    <dir_y>-0.979542896995</dir_y>
    <up_x>4.16870202611e-05</up_x>
    <up_z>7.2466583001e-06</up_z>
    <up_y>-1.04897547247e-05</up_y>
    <fov>70</fov>
    <time>0.000266732229118</time>
    <frame>62</frame>
  </SerializedCamera>
  <SerializedCamera>
    <cam_x>1.69024439832</cam_x>
    <cam_z>-5.98782104253</cam_z>
    <cam_y>-1.24304976299e-05</cam_y>
    <dir_x>-0.138591149813</dir_x>
    <dir_z>0.138563175601</dir_z>
    <dir_y>-0.98060835177</dir_y>
    <up_x>4.09207247769e-05</up_x>
    <up_z>7.11344950588e-06</up_z>
    <up_y>-1.24304976299e-05</up_y>
    <fov>70</fov>
    <time>0.000271034361845</time>
    <frame>63</frame>
  </SerializedCamera>
  <SerializedCamera>
    <cam_x>1.69025670372</cam_x>
    <cam_z>-5.98781747383</cam_z>
    <cam_y>-1.43304248037e-05</cam_y>
    <dir_x>-0.132805225364</dir_x>
    <dir_z>0.136874821848</dir_z>
    <dir_y>-0.981645585362</dir_y>
    <up_x>4.00201364448e-05</up_x>
    <up_z>6.95689592956e-06</up_z>
    <up_y>-1.43304248037e-05</up_y>
    <fov>70</fov>
    <time>0.000275336494575</time>
    <frame>64</frame>
  </SerializedCamera>
  <SerializedCamera>
    <cam_x>1.6902688752</cam_x>
    <cam_z>-5.98781392837</cam_z>
    <cam_y>-1.61823719427e-05</cam_y>
    <dir_x>-0.127099654341</dir_x>
    <dir_z>0.135039542404</dir_z>
    <dir_y>-0.98265456792</dir_y>
    <up_x>3.89856291583e-05</up_x>
    <up_z>6.77706256624e-06</up_z>
    <up_y>-1.61823719427e-05</up_y>
    <fov>70</fov>
    <time>0.000279638627301</time>
    <frame>65</frame>
  </SerializedCamera>
  <SerializedCamera>
    <cam_x>1.69028091323</cam_x>
    <cam_z>-5.98781040609</cam_z>
    <cam_y>-1.79789021802e-05</cam_y>
    <dir_x>-0.12147771612</dir_x>
    <dir_z>0.133059457757</dir_z>
    <dir_y>-0.983635270406</dir_y>
    <up_x>3.78176908613e-05</up_x>
    <up_z>6.57403423876e-06</up_z>
    <up_y>-1.79789021802e-05</up_y>
    <fov>70</fov>
    <time>0.000283940760031</time>
    <frame>66</frame>
  </SerializedCamera>
  <SerializedCamera>
    <cam_x>1.69029281845</cam_x>
    <cam_z>-5.98780690686</cam_z>
    <cam_y>-1.97122607264e-05</cam_y>
    <dir_x>-0.115942641486</dir_x>
    <dir_z>0.130936758046</dir_z>
    <dir_y>-0.984587664598</dir_y>
    <up_x>3.65169532073e-05</up_x>
    <up_z>6.34792074905e-06</up_z>
    <up_y>-1.97122607264e-05</up_y>
    <fov>70</fov>
    <time>0.000288242892758</time>
    <frame>67</frame>
  </SerializedCamera>
  <SerializedCamera>
    <cam_x>1.69030459168</cam_x>
    <cam_z>-5.98780343054</cam_z>
    <cam_y>-2.13743262675e-05</cam_y>
    <dir_x>-0.110497611183</dir_x>
    <dir_z>0.128673702002</dir_z>
    <dir_y>-0.985511723084</dir_y>
    <up_x>3.50842281633e-05</up_x>
    <up_z>6.09886324465e-06</up_z>
    <up_y>-2.13743262675e-05</up_y>
    <fov>70</fov>
    <time>0.000292545025484</time>
    <frame>68</frame>
  </SerializedCamera>
  <SerializedCamera>
    <cam_x>1.69031623396</cam_x>
    <cam_z>-5.98779997696</cam_z>
    <cam_y>-2.29565600086e-05</cam_y>
    <dir_x>-0.10514575449</dir_x>
    <dir_z>0.126272615867</dir_z>
    <dir_y>-0.986407419272</dir_y>
    <up_x>3.35205528685e-05</up_x>
    <up_z>5.8270420169e-06</up_z>
    <up_y>-2.29565600086e-05</up_y>
    <fov>70</fov>
    <time>0.000296847158214</time>
    <frame>69</frame>
  </SerializedCamera>
  <SerializedCamera>
    <cam_x>1.69032774659</cam_x>
    <cam_z>-5.98779654588</cam_z>
    <cam_y>-2.44499514186e-05</cam_y>
    <dir_x>-0.0998901478198</dir_x>
    <dir_z>0.123735892275</dir_z>
    <dir_y>-0.987274727384</dir_y>
    <up_x>3.18272445148e-05</up_x>
    <up_z>5.53268603909e-06</up_z>
    <up_y>-2.44499514186e-05</up_y>
    <fov>70</fov>
    <time>0.000301149290941</time>
    <frame>70</frame>
  </SerializedCamera>
  <SerializedCamera>
    <cam_x>1.69033913124</cam_x>
    <cam_z>-5.98779313702</cam_z>
    <cam_y>-2.5844959622e-05</cam_y>
    <dir_x>-0.0947338133397</dir_x>
    <dir_z>0.12106598911</dir_z>
    <dir_y>-0.98811362246</dir_y>
    <up_x>3.00059676619e-05</up_x>
    <up_z>5.21608466997e-06</up_z>
    <up_y>-2.5844959622e-05</up_y>
    <fov>70</fov>
    <time>0.000305451423667</time>
    <frame>71</frame>
  </SerializedCamera>
  <SerializedCamera>
    <cam_x>1.69035039001</cam_x>
    <cam_z>-5.98778975002</cam_z>
    <cam_y>-2.71314559595e-05</cam_y>
    <dir_x>-0.0896797176175</dir_x>
    <dir_z>0.118265428333</dir_z>
    <dir_y>-0.988924080357</dir_y>
    <up_x>2.80588156236e-05</up_x>
    <up_z>4.8776017989e-06</up_z>
    <up_y>-2.71314559595e-05</up_y>
    <fov>70</fov>
    <time>0.000309753556397</time>
    <frame>72</frame>
  </SerializedCamera>
  <SerializedCamera>
    <cam_x>1.69036152552</cam_x>
    <cam_z>-5.98778638441</cam_z>
    <cam_y>-2.8298661124e-05</cam_y>
    <dir_x>-0.0847307702916</dir_x>
    <dir_z>0.115336794782</dir_z>
    <dir_y>-0.98970607775</dir_y>
    <up_x>2.59884103639e-05</up_x>
    <up_z>4.51769321419e-06</up_z>
    <up_y>-2.8298661124e-05</up_y>
    <fov>70</fov>
    <time>0.000314055689124</time>
    <frame>73</frame>
  </SerializedCamera>
  <SerializedCamera>
    <cam_x>1.69037254104</cam_x>
    <cam_z>-5.98778303962</cam_z>
    <cam_y>-2.93350830149e-05</cam_y>
    <dir_x>-0.0798898227677</dir_x>
    <dir_z>0.112282734947</dir_z>
    <dir_y>-0.990459592134</dir_y>
    <up_x>2.37980240427e-05</up_x>
    <up_z>4.13692773193e-06</up_z>
    <up_y>-2.93350830149e-05</up_y>
    <fov>70</fov>
    <time>0.00031835782185</time>
    <frame>74</frame>
  </SerializedCamera>
  <SerializedCamera>
    <cam_x>1.69038344064</cam_x>
    <cam_z>-5.98777971496</cam_z>
    <cam_y>-3.02284564361e-05</cam_y>
    <dir_x>-0.0751596669403</dir_x>
    <dir_z>0.109105955712</dir_z>
    <dir_y>-0.991184601824</dir_y>
    <up_x>2.14917270476e-05</up_x>
    <up_z>3.73601292658e-06</up_z>
    <up_y>-3.02284564361e-05</up_y>
    <fov>70</fov>
    <time>0.00032265995458</time>
    <frame>75</frame>
  </SerializedCamera>
  <SerializedCamera>
    <cam_x>1.69039422937</cam_x>
    <cam_z>-5.98777640954</cam_z>
    <cam_y>-3.09656882434e-05</cam_y>
    <dir_x>-0.0705430339408</dir_x>
    <dir_z>0.105809223075</dir_z>
    <dir_y>-0.991881085955</dir_y>
    <up_x>1.90745679955e-05</up_x>
    <up_z>3.31582642232e-06</up_z>
    <up_y>-3.09656882434e-05</up_y>
    <fov>70</fov>
    <time>0.000326962087307</time>
    <frame>76</frame>
  </SerializedCamera>
  <SerializedCamera>
    <cam_x>1.69040491347</cam_x>
    <cam_z>-5.98777312228</cam_z>
    <cam_y>-3.15328131978e-05</cam_y>
    <dir_x>-0.0660425929136</dir_x>
    <dir_z>0.102395360846</dir_z>
    <dir_y>-0.992549024481</dir_y>
    <up_x>1.65527921365e-05</up_x>
    <up_z>2.87745386185e-06</up_z>
    <up_y>-3.15328131978e-05</up_y>
    <fov>70</fov>
    <time>0.000331264220033</time>
    <frame>77</frame>
  </SerializedCamera>
  <SerializedCamera>
    <cam_x>1.69041550066</cam_x>
    <cam_z>-5.98776985183</cam_z>
    <cam_y>-3.19149686392e-05</cam_y>
    <dir_x>-0.0616609498184</dir_x>
    <dir_z>0.0988672493114</dir_z>
    <dir_y>-0.993188398181</dir_y>
    <up_x>1.39341054359e-05</up_x>
    <up_z>2.42223481006e-06</up_z>
    <up_y>-3.19149686392e-05</up_y>
    <fov>70</fov>
    <time>0.000335566352764</time>
    <frame>78</frame>
  </SerializedCamera>
  <SerializedCamera>
    <cam_x>1.69042600041</cam_x>
    <cam_z>-5.98776659656</cam_z>
    <cam_y>-3.20963994909e-05</cam_y>
    <dir_x>-0.0574006462615</dir_x>
    <dir_z>0.0952278238806</dir_z>
    <dir_y>-0.993799188653</dir_y>
    <up_x>1.12279920845e-05</up_x>
    <up_z>1.95181794815e-06</up_z>
    <up_y>-3.20963994909e-05</up_y>
    <fov>70</fov>
    <time>0.00033986848549</time>
    <frame>79</frame>
  </SerializedCamera>
  <SerializedCamera>
    <cam_x>1.69043642437</cam_x>
    <cam_z>-5.98776335443</cam_z>
    <cam_y>-3.20605102524e-05</cam_y>
    <dir_x>-0.0532641583552</dir_x>
    <dir_z>0.0914800737055</dir_z>
    <dir_y>-0.99438137832</dir_y>
    <up_x>8.4460930343e-06</up_x>
    <up_z>1.46822687963e-06</up_z>
    <up_y>-3.20605102524e-05</up_y>
    <fov>70</fov>
    <time>0.000344170618217</time>
    <frame>80</frame>
  </SerializedCamera>
  <SerializedCamera>
    <cam_x>1.69044678678</cam_x>
    <cam_z>-5.98776012296</cam_z>
    <cam_y>-3.1789986972e-05</cam_y>
    <dir_x>-0.0492538956066</dir_x>
    <dir_z>0.0876270402777</dir_z>
    <dir_y>-0.994934950426</dir_y>
    <up_x>5.60265184402e-06</up_x>
    <up_z>9.73937631876e-07</up_z>
    <up_y>-3.1789986972e-05</up_y>
    <fov>70</fov>
    <time>0.000348472750947</time>
    <frame>81</frame>
  </SerializedCamera>
  <SerializedCamera>
    <cam_x>1.69045710499</cam_x>
    <cam_z>-5.98775689915</cam_z>
    <cam_y>-3.12670210324e-05</cam_y>
    <dir_x>-0.0453721998354</dir_x>
    <dir_z>0.0836718160027</dir_z>
    <dir_y>-0.995459889041</dir_y>
    <up_x>2.71503017979e-06</up_x>
    <up_z>4.71968265359e-07</up_z>
    <up_y>-3.12670210324e-05</up_y>
    <fov>70</fov>
    <time>0.000352774883673</time>
    <frame>82</frame>
  </SerializedCamera>
  <SerializedCamera>
    <cam_x>1.69046740008</cam_x>
    <cam_z>-5.98775367933</cam_z>
    <cam_y>-3.04736762274e-05</cam_y>
    <dir_x>-0.0416213441223</dir_x>
    <dir_z>0.0796175427523</dir_z>
    <dir_y>-0.995956179056</dir_y>
    <up_x>-1.95712164253e-07</up_x>
    <up_z>-3.4020292361e-08</up_z>
    <up_y>-3.04736762274e-05</up_y>
    <fov>70</fov>
    <time>0.0003570770164</time>
    <frame>83</frame>
  </SerializedCamera>
  <SerializedCamera>
    <cam_x>1.69047769743</cam_x>
    <cam_z>-5.98775045909</cam_z>
    <cam_y>-2.93924522877e-05</cam_y>
    <dir_x>-0.0380035317874</dir_x>
    <dir_z>0.0754674103947</dir_z>
    <dir_y>-0.996423806189</dir_y>
    <up_x>-3.10419144878e-06</up_x>
    <up_z>-5.39615464312e-07</up_z>
    <up_y>-2.93924522877e-05</up_y>
    <fov>70</fov>
    <time>0.00036137914913</time>
    <frame>84</frame>
  </SerializedCamera>
  <SerializedCamera>
    <cam_x>1.69048802736</cam_x>
    <cam_z>-5.98774723314</cam_z>
    <cam_y>-2.80071081611e-05</cam_y>
    <dir_x>-0.0345208953995</dir_x>
    <dir_z>0.0712246553044</dir_z>
    <dir_y>-0.996862756982</dir_y>
    <up_x>-5.98006979313e-06</up_x>
    <up_z>-1.03954346908e-06</up_z>
    <up_y>-2.80071081611e-05</up_y>
    <fov>70</fov>
    <time>0.000365681281856</time>
    <frame>85</frame>
  </SerializedCamera>
  <SerializedCamera>
    <cam_x>1.69049842574</cam_x>
    <cam_z>-5.98774399528</cam_z>
    <cam_y>-2.63038124952e-05</cam_y>
    <dir_x>-0.0311754958169</dir_x>
    <dir_z>0.066892558852</dir_z>
    <dir_y>-0.997273018802</dir_y>
    <up_x>-8.78749610278e-06</up_x>
    <up_z>-1.52757213634e-06</up_z>
    <up_y>-2.63038124952e-05</up_y>
    <fov>70</fov>
    <time>0.000369983414583</time>
    <frame>86</frame>
  </SerializedCamera>
  <SerializedCamera>
    <cam_x>1.6905089343</cam_x>
    <cam_z>-5.98774073822</cam_z>
    <cam_y>-2.4272679752e-05</cam_y>
    <dir_x>-0.0279693212598</dir_x>
    <dir_z>0.0624744458737</dir_z>
    <dir_y>-0.997654579843</dir_y>
    <up_x>-1.14847413828e-05</up_x>
    <up_z>-1.99644751309e-06</up_z>
    <up_y>-2.4272679752e-05</up_y>
    <fov>70</fov>
    <time>0.000374285547313</time>
    <frame>87</frame>
  </SerializedCamera>
  <SerializedCamera>
    <cam_x>1.69051960062</cam_x>
    <cam_z>-5.98773745372</cam_z>
    <cam_y>-2.1909714798e-05</cam_y>
    <dir_x>-0.024904286415</dir_x>
    <dir_z>0.0579736831226</dir_z>
    <dir_y>-0.998007429122</dir_y>
    <up_x>-1.40242102169e-05</up_x>
    <up_z>-2.43789585497e-06</up_z>
    <up_y>-2.1909714798e-05</up_y>
    <fov>70</fov>
    <time>0.000378587680039</time>
    <frame>88</frame>
  </SerializedCamera>
  <SerializedCamera>
    <cam_x>1.69053047754</cam_x>
    <cam_z>-5.98773413257</cam_z>
    <cam_y>-1.92191112353e-05</cam_y>
    <dir_x>-0.0219822315723</dir_x>
    <dir_z>0.0533936777013</dir_z>
    <dir_y>-0.998331556486</dir_y>
    <up_x>-1.6353067704e-05</up_x>
    <up_z>-2.84273261464e-06</up_z>
    <up_y>-1.92191112353e-05</up_y>
    <fov>70</fov>
    <time>0.000382889812766</time>
    <frame>89</frame>
  </SerializedCamera>
  <SerializedCamera>
    <cam_x>1.69054162164</cam_x>
    <cam_z>-5.98773076495</cam_z>
    <cam_y>-1.62157172802e-05</cam_y>
    <dir_x>-0.0192049217952</dir_x>
    <dir_z>0.0487378754772</dir_z>
    <dir_y>-0.998626952607</dir_y>
    <up_x>-1.84147506355e-05</up_x>
    <up_z>-3.20112513297e-06</up_z>
    <up_y>-1.62157172802e-05</up_y>
    <fov>70</fov>
    <time>0.000387191945496</time>
    <frame>90</frame>
  </SerializedCamera>
  <SerializedCamera>
    <cam_x>1.69055309056</cam_x>
    <cam_z>-5.98772734083</cam_z>
    <cam_y>-1.29273017206e-05</cam_y>
    <dir_x>-0.016574046123</dir_x>
    <dir_z>0.0440097594805</dir_z>
    <dir_y>-0.998893608982</dir_y>
    <up_x>-2.01515888911e-05</up_x>
    <up_z>-3.50304833052e-06</up_z>
    <up_y>-1.29273017206e-05</up_y>
    <fov>70</fov>
    <time>0.000391494078222</time>
    <frame>91</frame>
  </SerializedCamera>
  <SerializedCamera>
    <cam_x>1.69056493932</cam_x>
    <cam_z>-5.98772385065</cam_z>
    <cam_y>-9.39606898121e-06</cam_y>
    <dir_x>-0.0140912168083</dir_x>
    <dir_z>0.0392128482868</dir_z>
    <dir_y>-0.999131517939</dir_y>
    <up_x>-2.15085952011e-05</up_x>
    <up_z>-3.73894350858e-06</up_z>
    <up_y>-9.39606898121e-06</up_y>
    <fov>70</fov>
    <time>0.000395796210949</time>
    <frame>92</frame>
  </SerializedCamera>
  <SerializedCamera>
    <cam_x>1.69057721599</cam_x>
    <cam_z>-5.98772028606</cam_z>
    <cam_y>-5.68093344552e-06</cam_y>
    <dir_x>-0.011757968587</dir_x>
    <dir_z>0.0343506943833</dir_z>
    <dir_y>-0.999340672629</dir_y>
    <up_x>-2.24376676798e-05</up_x>
    <up_z>-3.90045244458e-06</up_z>
    <up_y>-5.68093344552e-06</up_y>
    <fov>70</fov>
    <time>0.000400098343679</time>
    <frame>93</frame>
  </SerializedCamera>
  <SerializedCamera>
    <cam_x>1.69058996985</cam_x>
    <cam_z>-5.98771663867</cam_z>
    <cam_y>-1.96319962237e-06</cam_y>
    <dir_x>-0.00957575798305</dir_x>
    <dir_z>0.0294268825209</dir_z>
    <dir_y>-0.999521067034</dir_y>
    <up_x>-2.28895466123e-05</up_x>
    <up_z>-3.97919455875e-06</up_z>
    <up_y>-1.96319962237e-06</up_y>
    <fov>70</fov>
    <time>0.000404400476405</time>
    <frame>94</frame>
  </SerializedCamera>
  <SerializedCamera>
    <cam_x>1.69060322284</cam_x>
    <cam_z>-5.98771290584</cam_z>
    <cam_y>9.60613454669e-07</cam_y>
    <dir_x>-0.00754596264778</dir_x>
    <dir_z>0.0244450280516</dir_z>
    <dir_y>-0.999672695962</dir_y>
    <up_x>-2.28422918203e-05</up_x>
    <up_z>-3.97252584161e-06</up_z>
    <up_y>9.60613454669e-07</up_y>
    <fov>70</fov>
    <time>0.000408702609132</time>
    <frame>95</frame>
  </SerializedCamera>
  <SerializedCamera>
    <cam_x>1.69061666619</cam_x>
    <cam_z>-5.98770914303</cam_z>
    <cam_y>1.91608118816e-06</cam_y>
    <dir_x>-0.00566988073375</dir_x>
    <dir_z>0.019408775253</dir_z>
    <dir_y>-0.999795555049</dir_y>
    <up_x>-2.26046707763e-05</up_x>
    <up_z>-3.93590575598e-06</up_z>
    <up_y>1.91608118816e-06</up_y>
    <fov>70</fov>
    <time>0.000413004741862</time>
    <frame>96</frame>
  </SerializedCamera>
  <SerializedCamera>
    <cam_x>1.69062998436</cam_x>
    <cam_z>-5.98770540338</cam_z>
    <cam_y>1.94670680792e-06</cam_y>
    <dir_x>-0.00394873030381</dir_x>
    <dir_z>0.0143217956401</dir_z>
    <dir_y>-0.99988964076</dir_y>
    <up_x>-2.24922113208e-05</up_x>
    <up_z>-3.92247109904e-06</up_z>
    <up_y>1.94670680792e-06</up_y>
    <fov>70</fov>
    <time>0.000417306874589</time>
    <frame>97</frame>
  </SerializedCamera>
  <SerializedCamera>
    <cam_x>1.69064325338</cam_x>
    <cam_z>-5.98770167227</cam_z>
    <cam_y>1.94140606874e-06</cam_y>
    <dir_x>-0.00238364877538</dir_x>
    <dir_z>0.00918778626507</dir_z>
    <dir_y>-0.999954950386</dir_y>
    <up_x>-2.24289022983e-05</up_x>
    <up_z>-3.91761150542e-06</up_z>
    <up_y>1.94140606874e-06</up_y>
    <fov>70</fov>
    <time>0.000421609007315</time>
    <frame>98</frame>
  </SerializedCamera>
  <SerializedCamera>
    <cam_x>1.69065650831</cam_x>
    <cam_z>-5.98769794356</cam_z>
    <cam_y>1.93723515082e-06</cam_y>
    <dir_x>-0.000975692400322</dir_x>
    <dir_z>0.00401046800574</dir_z>
    <dir_y>-0.999991482049</dir_y>
    <up_x>-2.23796700631e-05</up_x>
    <up_z>-3.9151784339e-06</up_z>
    <up_y>1.93723515082e-06</up_y>
    <fov>70</fov>
    <time>0.000425911140045</time>
    <frame>99</frame>
  </SerializedCamera>
</Cameras>
</SerializedWorld>