<?xml version="1.0" encoding="utf-8"?>
<SerializedWorld xmlns:xsi="http://www.w3.org/2001/XMLSchema-instance"
 xmlns:xsd="http://www.w3.org/2001/XMLSchema">
<sun_col_r>0.863</sun_col_r>
<sun_col_g>0.899</sun_col_g>
<sun_col_b>1.000</sun_col_b>
<sun_intensity>0.100</sun_intensity>
<screenshot_width>900</screenshot_width>
<screenshot_height>900</screenshot_height>
<global_radius_scale>0.985</global_radius_scale>
<resolution>048</resolution>
<skybox>000</skybox>
<Planets>
  <SerializedPlanet>
    <pos_x>0</pos_x>
    <pos_z>0</pos_z>
    <pos_y>0</pos_y>
    <rotation>0</rotation>
    <radius>100000</radius>
    <temperature>8076.72704829</temperature>
    <seed>87464990</seed>
    <col_x>0.863169094369</col_x>
    <col_y>0.898575943732</col_y>
    <col_z>1.0</col_z>
    <atmosphereDensity>10</atmosphereDensity>
    <atmosphereHeight>1.025</atmosphereHeight>
    <outerRadiusScale>1.0025</outerRadiusScale>
    <name>The star</name>
    <category>star</category>
  </SerializedPlanet>
  <SerializedPlanet>
    <radius>5781.49244214</radius>
    <pos_x>-2.1989741761</pos_x>
    <pos_z>-1.67600576851</pos_z>
    <pos_y>0</pos_y>
    <rotation>-40675.5022878</rotation>
    <temperature>323.186450768</temperature>
    <seed>87464000</seed>
    <atmosphereDensity>0.0370199045869</atmosphereDensity>
    <atmosphereHeight>1.025</atmosphereHeight>
    <outerRadiusScale>1.0025</outerRadiusScale>
    <category>planet</category>
    <name>Planet 0</name>
  </SerializedPlanet>
  <SerializedPlanet>
    <pos_x>-2.19903686999</pos_x>
    <pos_z>-1.67558741744</pos_z>
    <pos_y>3.03576585067e-06</pos_y>
    <rotation>-40705.0863688</rotation>
    <radius>1543.92542406</radius>
    <temperature>323.186450768</temperature>
    <seed>87464010</seed>
    <atmosphereDensity>0</atmosphereDensity>
    <atmosphereHeight>0</atmosphereHeight>
    <outerRadiusScale>1.0025</outerRadiusScale>
    <category>moon</category>
    <name>Moon 1 of Planet 0</name>
  </SerializedPlanet>
  <SerializedPlanet>
    <pos_x>-2.19760320798</pos_x>
    <pos_z>-1.67543319168</pos_z>
    <pos_y>-6.6385072371e-05</pos_y>
    <rotation>-6280.20372685</rotation>
    <radius>885.905988235</radius>
    <temperature>323.186450768</temperature>
    <seed>87464020</seed>
    <atmosphereDensity>0</atmosphereDensity>
    <atmosphereHeight>0</atmosphereHeight>
    <outerRadiusScale>1.0025</outerRadiusScale>
    <category>moon</category>
    <name>Moon 2 of Planet 0</name>
  </SerializedPlanet>
  <SerializedPlanet>
    <radius>4013.99448043</radius>
    <pos_x>3.39218659225</pos_x>
    <pos_z>0.817822977291</pos_z>
    <pos_y>0</pos_y>
    <rotation>-31839.7316647</rotation>
    <temperature>293.544986882</temperature>
    <seed>87464001</seed>
    <atmosphereDensity>0.214778705713</atmosphereDensity>
    <atmosphereHeight>1.025</atmosphereHeight>
    <outerRadiusScale>1.0025</outerRadiusScale>
    <category>planet</category>
    <name>Planet 1</name>
  </SerializedPlanet>
  <SerializedPlanet>
    <radius>88725.8653062</radius>
    <pos_x>-2.70545795434</pos_x>
    <pos_z>-12.5566258946</pos_z>
    <pos_y>0</pos_y>
    <rotation>-125296.558226</rotation>
    <temperature>151.530603596</temperature>
    <seed>87464002</seed>
    <atmosphereDensity>0.933310072327</atmosphereDensity>
    <atmosphereHeight>1.025</atmosphereHeight>
    <outerRadiusScale>1.0025</outerRadiusScale>
    <category>planet</category>
    <name>Planet 2</name>
  </SerializedPlanet>
  <SerializedPlanet>
    <pos_x>-2.70972079811</pos_x>
    <pos_z>-12.5870649111</pos_z>
    <pos_y>-0.000336535667178</pos_y>
    <rotation>-2310.2837136</rotation>
    <radius>3384.13603106</radius>
    <temperature>151.530603596</temperature>
    <seed>87464012</seed>
    <atmosphereDensity>0</atmosphereDensity>
    <atmosphereHeight>0</atmosphereHeight>
    <outerRadiusScale>1.0025</outerRadiusScale>
    <category>moon</category>
    <name>Moon 1 of Planet 2</name>
  </SerializedPlanet>
  <SerializedPlanet>
    <pos_x>-2.66653014875</pos_x>
    <pos_z>-12.5364880109</pos_z>
    <pos_y>0.00307320552671</pos_y>
    <rotation>-1325.43748248</rotation>
    <radius>814.836047479</radius>
    <temperature>151.530603596</temperature>
    <seed>87464022</seed>
    <atmosphereDensity>0</atmosphereDensity>
    <atmosphereHeight>0</atmosphereHeight>
    <outerRadiusScale>1.0025</outerRadiusScale>
    <category>moon</category>
    <name>Moon 2 of Planet 2</name>
  </SerializedPlanet>
  <SerializedPlanet>
    <pos_x>-2.73025922883</pos_x>
    <pos_z>-12.5562005383</pos_z>
    <pos_y>-0.00195796841597</pos_y>
    <rotation>-3442.81314659</rotation>
    <radius>1343.77780157</radius>
    <temperature>151.530603596</temperature>
    <seed>87464032</seed>
    <atmosphereDensity>0</atmosphereDensity>
    <atmosphereHeight>0</atmosphereHeight>
    <outerRadiusScale>1.0025</outerRadiusScale>
    <category>moon</category>
    <name>Moon 3 of Planet 2</name>
  </SerializedPlanet>
  <SerializedPlanet>
    <pos_x>-2.71190312535</pos_x>
    <pos_z>-12.5642647542</pos_z>
    <pos_y>-0.000508822289754</pos_y>
    <rotation>-7443.86331919</rotation>
    <radius>3804.50342563</radius>
    <temperature>151.530603596</temperature>
    <seed>87464042</seed>
    <atmosphereDensity>0</atmosphereDensity>
    <atmosphereHeight>0</atmosphereHeight>
    <outerRadiusScale>1.0025</outerRadiusScale>
    <category>moon</category>
    <name>Moon 4 of Planet 2</name>
  </SerializedPlanet>
  <SerializedPlanet>
    <pos_x>-2.70440671331</pos_x>
    <pos_z>-12.594165598</pos_z>
    <pos_y>8.29915708393e-05</pos_y>
    <rotation>-1017.21144504</rotation>
    <radius>3519.98704516</radius>
    <temperature>151.530603596</temperature>
    <seed>87464052</seed>
    <atmosphereDensity>0</atmosphereDensity>
    <atmosphereHeight>0</atmosphereHeight>
    <outerRadiusScale>1.0025</outerRadiusScale>
    <category>moon</category>
    <name>Moon 5 of Planet 2</name>
  </SerializedPlanet>
  <SerializedPlanet>
    <pos_x>-2.6746044876</pos_x>
    <pos_z>-12.5781098433</pos_z>
    <pos_y>0.00243576649261</pos_y>
    <rotation>-1629.70966329</rotation>
    <radius>1216.8581824</radius>
    <temperature>151.530603596</temperature>
    <seed>87464062</seed>
    <atmosphereDensity>0</atmosphereDensity>
    <atmosphereHeight>0</atmosphereHeight>
    <outerRadiusScale>1.0025</outerRadiusScale>
    <category>moon</category>
    <name>Moon 6 of Planet 2</name>
  </SerializedPlanet>
  <SerializedPlanet>
    <pos_x>-2.70859443136</pos_x>
    <pos_z>-12.5202848842</pos_z>
    <pos_y>-0.000247613200565</pos_y>
    <rotation>-1169.30986084</rotation>
    <radius>2628.43940895</radius>
    <temperature>151.530603596</temperature>
    <seed>87464072</seed>
    <atmosphereDensity>0</atmosphereDensity>
    <atmosphereHeight>0</atmosphereHeight>
    <outerRadiusScale>1.0025</outerRadiusScale>
    <category>moon</category>
    <name>Moon 7 of Planet 2</name>
  </SerializedPlanet>
  <SerializedPlanet>
    <pos_x>-2.7131421376</pos_x>
    <pos_z>-12.602030019</pos_z>
    <pos_y>-0.00060663770072</pos_y>
    <rotation>-1056.21999265</rotation>
    <radius>1818.79214752</radius>
    <temperature>151.530603596</temperature>
    <seed>87464082</seed>
    <atmosphereDensity>0</atmosphereDensity>
    <atmosphereHeight>0</atmosphereHeight>
    <outerRadiusScale>1.0025</outerRadiusScale>
    <category>moon</category>
    <name>Moon 8 of Planet 2</name>
  </SerializedPlanet>
  <SerializedPlanet>
    <pos_x>-2.68272222031</pos_x>
    <pos_z>-12.5693121578</pos_z>
    <pos_y>0.00179490167545</pos_y>
    <rotation>-2005.97310618</rotation>
    <radius>531.582884342</radius>
    <temperature>151.530603596</temperature>
    <seed>87464092</seed>
    <atmosphereDensity>0</atmosphereDensity>
    <atmosphereHeight>0</atmosphereHeight>
    <outerRadiusScale>1.0025</outerRadiusScale>
    <category>moon</category>
    <name>Moon 9 of Planet 2</name>
  </SerializedPlanet>
  <SerializedPlanet>
    <pos_x>-2.71388853718</pos_x>
    <pos_z>-12.5565833497</pos_z>
    <pos_y>-0.000665563172308</pos_y>
    <rotation>-12074.7023325</rotation>
    <radius>1512.85770939</radius>
    <temperature>151.530603596</temperature>
    <seed>87464102</seed>
    <atmosphereDensity>0</atmosphereDensity>
    <atmosphereHeight>0</atmosphereHeight>
    <outerRadiusScale>1.0025</outerRadiusScale>
    <category>moon</category>
    <name>Moon 10 of Planet 2</name>
  </SerializedPlanet>
  <SerializedPlanet>
    <pos_x>-2.71811887786</pos_x>
    <pos_z>-12.5012858486</pos_z>
    <pos_y>-0.000999532841625</pos_y>
    <rotation>-664.896618307</rotation>
    <radius>690.187610338</radius>
    <temperature>151.530603596</temperature>
    <seed>87464112</seed>
    <atmosphereDensity>0</atmosphereDensity>
    <atmosphereHeight>0</atmosphereHeight>
    <outerRadiusScale>1.0025</outerRadiusScale>
    <category>moon</category>
    <name>Moon 11 of Planet 2</name>
  </SerializedPlanet>
  <SerializedPlanet>
    <pos_x>-2.70043214823</pos_x>
    <pos_z>-12.5300975593</pos_z>
    <pos_y>0.000396768707287</pos_y>
    <rotation>-2361.81661915</rotation>
    <radius>2571.85962299</radius>
    <temperature>151.530603596</temperature>
    <seed>87464122</seed>
    <atmosphereDensity>0</atmosphereDensity>
    <atmosphereHeight>0</atmosphereHeight>
    <outerRadiusScale>1.0025</outerRadiusScale>
    <category>moon</category>
    <name>Moon 12 of Planet 2</name>
  </SerializedPlanet>
  <SerializedPlanet>
    <pos_x>-2.71019156171</pos_x>
    <pos_z>-12.5588749898</pos_z>
    <pos_y>-0.000373700703405</pos_y>
    <rotation>-32961.9410255</rotation>
    <radius>2068.13805261</radius>
    <temperature>151.530603596</temperature>
    <seed>87464132</seed>
    <atmosphereDensity>0</atmosphereDensity>
    <atmosphereHeight>0</atmosphereHeight>
    <outerRadiusScale>1.0025</outerRadiusScale>
    <category>moon</category>
    <name>Moon 13 of Planet 2</name>
  </SerializedPlanet>
  <SerializedPlanet>
    <pos_x>-2.69541786176</pos_x>
    <pos_z>-12.5564427918</pos_z>
    <pos_y>0.000792627982104</pos_y>
    <rotation>-11484.3608319</rotation>
    <radius>1857.99346293</radius>
    <temperature>151.530603596</temperature>
    <seed>87464142</seed>
    <atmosphereDensity>0</atmosphereDensity>
    <atmosphereHeight>0</atmosphereHeight>
    <outerRadiusScale>1.0025</outerRadiusScale>
    <category>moon</category>
    <name>Moon 14 of Planet 2</name>
  </SerializedPlanet>
  <SerializedPlanet>
    <pos_x>-2.75442100358</pos_x>
    <pos_z>-12.5290431991</pos_z>
    <pos_y>-0.00386545070483</pos_y>
    <rotation>-752.308414937</rotation>
    <radius>770.64290482</radius>
    <temperature>151.530603596</temperature>
    <seed>87464152</seed>
    <atmosphereDensity>0</atmosphereDensity>
    <atmosphereHeight>0</atmosphereHeight>
    <outerRadiusScale>1.0025</outerRadiusScale>
    <category>moon</category>
    <name>Moon 15 of Planet 2</name>
  </SerializedPlanet>
  <SerializedPlanet>
    <pos_x>-2.67390196807</pos_x>
    <pos_z>-12.5720354184</pos_z>
    <pos_y>0.0024912277977</pos_y>
    <rotation>-1766.34626763</rotation>
    <radius>2797.70445771</radius>
    <temperature>151.530603596</temperature>
    <seed>87464162</seed>
    <atmosphereDensity>0</atmosphereDensity>
    <atmosphereHeight>0</atmosphereHeight>
    <outerRadiusScale>1.0025</outerRadiusScale>
    <category>moon</category>
    <name>Moon 16 of Planet 2</name>
  </SerializedPlanet>
  <SerializedPlanet>
    <pos_x>-2.75722906865</pos_x>
    <pos_z>-12.5676305357</pos_z>
    <pos_y>-0.00408713700167</pos_y>
    <rotation>-782.591399832</rotation>
    <radius>2222.30856819</radius>
    <temperature>151.530603596</temperature>
    <seed>87464172</seed>
    <atmosphereDensity>0</atmosphereDensity>
    <atmosphereHeight>0</atmosphereHeight>
    <outerRadiusScale>1.0025</outerRadiusScale>
    <category>moon</category>
    <name>Moon 17 of Planet 2</name>
  </SerializedPlanet>
  <SerializedPlanet>
    <pos_x>-2.73431222772</pos_x>
    <pos_z>-12.5515408684</pos_z>
    <pos_y>-0.00227793761036</pos_y>
    <rotation>-2062.07613084</rotation>
    <radius>1675.73775511</radius>
    <temperature>151.530603596</temperature>
    <seed>87464182</seed>
    <atmosphereDensity>0</atmosphereDensity>
    <atmosphereHeight>0</atmosphereHeight>
    <outerRadiusScale>1.0025</outerRadiusScale>
    <category>moon</category>
    <name>Moon 18 of Planet 2</name>
  </SerializedPlanet>
  <SerializedPlanet>
    <pos_x>-2.71709482232</pos_x>
    <pos_z>-12.551825562</pos_z>
    <pos_y>-0.000918687464035</pos_y>
    <rotation>-7601.53704543</rotation>
    <radius>3635.02329496</radius>
    <temperature>151.530603596</temperature>
    <seed>87464192</seed>
    <atmosphereDensity>0</atmosphereDensity>
    <atmosphereHeight>0</atmosphereHeight>
    <outerRadiusScale>1.0025</outerRadiusScale>
    <category>moon</category>
    <name>Moon 19 of Planet 2</name>
  </SerializedPlanet>
  <SerializedPlanet>
    <pos_x>-2.66309250288</pos_x>
    <pos_z>-12.5702271513</pos_z>
    <pos_y>0.00334459488771</pos_y>
    <rotation>-1347.89007279</rotation>
    <radius>2737.97722897</radius>
    <temperature>151.530603596</temperature>
    <seed>87464202</seed>
    <atmosphereDensity>0</atmosphereDensity>
    <atmosphereHeight>0</atmosphereHeight>
    <outerRadiusScale>1.0025</outerRadiusScale>
    <category>moon</category>
    <name>Moon 20 of Planet 2</name>
  </SerializedPlanet>
  <SerializedPlanet>
    <pos_x>-2.69352173388</pos_x>
    <pos_z>-12.5535286684</pos_z>
    <pos_y>0.000942320229336</pos_y>
    <rotation>-6848.95750755</rotation>
    <radius>1738.8923623</radius>
    <temperature>151.530603596</temperature>
    <seed>87464212</seed>
    <atmosphereDensity>0</atmosphereDensity>
    <atmosphereHeight>0</atmosphereHeight>
    <outerRadiusScale>1.0025</outerRadiusScale>
    <category>moon</category>
    <name>Moon 21 of Planet 2</name>
  </SerializedPlanet>
  <SerializedPlanet>
    <pos_x>-2.72681358417</pos_x>
    <pos_z>-12.5596713682</pos_z>
    <pos_y>-0.00168594757991</pos_y>
    <rotation>-3087.53633291</rotation>
    <radius>1250.61719689</radius>
    <temperature>151.530603596</temperature>
    <seed>87464222</seed>
    <atmosphereDensity>0</atmosphereDensity>
    <atmosphereHeight>0</atmosphereHeight>
    <outerRadiusScale>1.0025</outerRadiusScale>
    <category>moon</category>
    <name>Moon 22 of Planet 2</name>
  </SerializedPlanet>
  <SerializedPlanet>
    <pos_x>-2.70446248751</pos_x>
    <pos_z>-12.5652505107</pos_z>
    <pos_y>7.85884050852e-05</pos_y>
    <rotation>-16042.9348855</rotation>
    <radius>2140.27685621</radius>
    <temperature>151.530603596</temperature>
    <seed>87464232</seed>
    <atmosphereDensity>0</atmosphereDensity>
    <atmosphereHeight>0</atmosphereHeight>
    <outerRadiusScale>1.0025</outerRadiusScale>
    <category>moon</category>
    <name>Moon 23 of Planet 2</name>
  </SerializedPlanet>
  <SerializedPlanet>
    <pos_x>-2.73669180005</pos_x>
    <pos_z>-12.5556458958</pos_z>
    <pos_y>-0.00246579599903</pos_y>
    <rotation>-1745.033069</rotation>
    <radius>3790.88369954</radius>
    <temperature>151.530603596</temperature>
    <seed>87464242</seed>
    <atmosphereDensity>0</atmosphereDensity>
    <atmosphereHeight>0</atmosphereHeight>
    <outerRadiusScale>1.0025</outerRadiusScale>
    <category>moon</category>
    <name>Moon 24 of Planet 2</name>
  </SerializedPlanet>
  <SerializedPlanet>
    <pos_x>-2.69090498935</pos_x>
    <pos_z>-12.5513861427</pos_z>
    <pos_y>0.00114890248147</pos_y>
    <rotation>-5228.73337677</rotation>
    <radius>474.910241531</radius>
    <temperature>151.530603596</temperature>
    <seed>87464252</seed>
    <atmosphereDensity>0</atmosphereDensity>
    <atmosphereHeight>0</atmosphereHeight>
    <outerRadiusScale>1.0025</outerRadiusScale>
    <category>moon</category>
    <name>Moon 25 of Planet 2</name>
  </SerializedPlanet>
  <SerializedPlanet>
    <pos_x>-2.71007352548</pos_x>
    <pos_z>-12.5497847834</pos_z>
    <pos_y>-0.000364382182093</pos_y>
    <rotation>-15244.1840219</rotation>
    <radius>3975.59117819</radius>
    <temperature>151.530603596</temperature>
    <seed>87464262</seed>
    <atmosphereDensity>0</atmosphereDensity>
    <atmosphereHeight>0</atmosphereHeight>
    <outerRadiusScale>1.0025</outerRadiusScale>
    <category>moon</category>
    <name>Moon 26 of Planet 2</name>
  </SerializedPlanet>
  <SerializedPlanet>
    <radius>1274.45357914</radius>
    <pos_x>-26.1996793553</pos_x>
    <pos_z>6.68937973273</pos_z>
    <pos_y>0</pos_y>
    <rotation>-1543.7644422</rotation>
    <temperature>106.630248472</temperature>
    <seed>87464003</seed>
    <atmosphereDensity>0.125316563678</atmosphereDensity>
    <atmosphereHeight>1.025</atmosphereHeight>
    <outerRadiusScale>1.0025</outerRadiusScale>
    <category>planet</category>
    <name>Planet 3</name>
  </SerializedPlanet>
  <SerializedPlanet>
    <radius>30711.7309935</radius>
    <pos_x>-0.307158479473</pos_x>
    <pos_z>-4.71218141497</pos_z>
    <pos_y>0</pos_y>
    <rotation>-79889.2693827</rotation>
    <temperature>251.010649022</temperature>
    <seed>87464004</seed>
    <atmosphereDensity>0.898922765572</atmosphereDensity>
    <atmosphereHeight>1.025</atmosphereHeight>
    <outerRadiusScale>1.0025</outerRadiusScale>
    <category>planet</category>
    <name>Planet 4</name>
  </SerializedPlanet>
  <SerializedPlanet>
    <pos_x>-0.320607283446</pos_x>
    <pos_z>-4.70596866388</pos_z>
    <pos_y>-0.00124509686203</pos_y>
    <rotation>-902.237284752</rotation>
    <radius>3756.61222994</radius>
    <temperature>251.010649022</temperature>
    <seed>87464014</seed>
    <atmosphereDensity>0</atmosphereDensity>
    <atmosphereHeight>0</atmosphereHeight>
    <outerRadiusScale>1.0025</outerRadiusScale>
    <category>moon</category>
    <name>Moon 1 of Planet 4</name>
  </SerializedPlanet>
  <SerializedPlanet>
    <pos_x>-0.305623690515</pos_x>
    <pos_z>-4.6937439319</pos_z>
    <pos_y>0.000142091513843</pos_y>
    <rotation>-945.122015883</rotation>
    <radius>2609.93313948</radius>
    <temperature>251.010649022</temperature>
    <seed>87464024</seed>
    <atmosphereDensity>0</atmosphereDensity>
    <atmosphereHeight>0</atmosphereHeight>
    <outerRadiusScale>1.0025</outerRadiusScale>
    <category>moon</category>
    <name>Moon 2 of Planet 4</name>
  </SerializedPlanet>
  <SerializedPlanet>
    <pos_x>-0.304786787064</pos_x>
    <pos_z>-4.70277452397</pos_z>
    <pos_y>0.00021957244551</pos_y>
    <rotation>-2463.94942512</rotation>
    <radius>607.731601483</radius>
    <temperature>251.010649022</temperature>
    <seed>87464034</seed>
    <atmosphereDensity>0</atmosphereDensity>
    <atmosphereHeight>0</atmosphereHeight>
    <outerRadiusScale>1.0025</outerRadiusScale>
    <category>moon</category>
    <name>Moon 3 of Planet 4</name>
  </SerializedPlanet>
  <SerializedPlanet>
    <pos_x>-0.301777251218</pos_x>
    <pos_z>-4.71031835573</pos_z>
    <pos_y>0.000498196748877</pos_y>
    <rotation>-4184.83778321</rotation>
    <radius>3571.96475105</radius>
    <temperature>251.010649022</temperature>
    <seed>87464044</seed>
    <atmosphereDensity>0</atmosphereDensity>
    <atmosphereHeight>0</atmosphereHeight>
    <outerRadiusScale>1.0025</outerRadiusScale>
    <category>moon</category>
    <name>Moon 4 of Planet 4</name>
  </SerializedPlanet>
  <SerializedPlanet>
    <pos_x>-0.31785770243</pos_x>
    <pos_z>-4.71264092185</pos_z>
    <pos_y>-0.000990539304241</pos_y>
    <rotation>-1622.63663212</rotation>
    <radius>457.679012707</radius>
    <temperature>251.010649022</temperature>
    <seed>87464054</seed>
    <atmosphereDensity>0</atmosphereDensity>
    <atmosphereHeight>0</atmosphereHeight>
    <outerRadiusScale>1.0025</outerRadiusScale>
    <category>moon</category>
    <name>Moon 5 of Planet 4</name>
  </SerializedPlanet>
  <SerializedPlanet>
    <pos_x>-0.313079414711</pos_x>
    <pos_z>-4.72078191947</pos_z>
    <pos_y>-0.000548163085721</pos_y>
    <rotation>-1913.48042103</rotation>
    <radius>1185.60285613</radius>
    <temperature>251.010649022</temperature>
    <seed>87464064</seed>
    <atmosphereDensity>0</atmosphereDensity>
    <atmosphereHeight>0</atmosphereHeight>
    <outerRadiusScale>1.0025</outerRadiusScale>
    <category>moon</category>
    <name>Moon 6 of Planet 4</name>
  </SerializedPlanet>
  <SerializedPlanet>
    <pos_x>-0.31891221083</pos_x>
    <pos_z>-4.72181849211</pos_z>
    <pos_y>-0.00108816620869</pos_y>
    <rotation>-925.333727072</rotation>
    <radius>2331.06291087</radius>
    <temperature>251.010649022</temperature>
    <seed>87464074</seed>
    <atmosphereDensity>0</atmosphereDensity>
    <atmosphereHeight>0</atmosphereHeight>
    <outerRadiusScale>1.0025</outerRadiusScale>
    <category>moon</category>
    <name>Moon 7 of Planet 4</name>
  </SerializedPlanet>
  <SerializedPlanet>
    <pos_x>-0.309111694024</pos_x>
    <pos_z>-4.71167963553</pos_z>
    <pos_y>-0.000180829560174</pos_y>
    <rotation>-22211.7920037</rotation>
    <radius>3710.98117882</radius>
    <temperature>251.010649022</temperature>
    <seed>87464084</seed>
    <atmosphereDensity>0</atmosphereDensity>
    <atmosphereHeight>0</atmosphereHeight>
    <outerRadiusScale>1.0025</outerRadiusScale>
    <category>moon</category>
    <name>Moon 8 of Planet 4</name>
  </SerializedPlanet>
  <SerializedPlanet>
    <radius>3407.2882425</radius>
    <pos_x>1.68951810275</pos_x>
    <pos_z>-5.98802144912</pos_z>
    <pos_y>0</pos_y>
    <rotation>-1328.8331159</rotation>
    <temperature>219.223558506</temperature>
    <seed>87464005</seed>
    <atmosphereDensity>0.0701098125332</atmosphereDensity>
    <atmosphereHeight>1.025</atmosphereHeight>
    <outerRadiusScale>1.0025</outerRadiusScale>
    <category>planet</category>
    <name>Planet 5</name>
  </SerializedPlanet>
  <SerializedPlanet>
    <pos_x>1.68864744491</pos_x>
    <pos_z>-5.98826683638</pos_z>
    <pos_y>3.41903267494e-05</pos_y>
    <rotation>-3338.49302198</rotation>
    <radius>1108.28371815</radius>
    <temperature>219.223558506</temperature>
    <seed>87464015</seed>
    <atmosphereDensity>0</atmosphereDensity>
    <atmosphereHeight>0</atmosphereHeight>
    <outerRadiusScale>1.0025</outerRadiusScale>
    <category>moon</category>
    <name>Moon 1 of Planet 5</name>
  </SerializedPlanet>
  <SerializedPlanet>
    <radius>92689.5697258</radius>
    <pos_x>-14.4454650899</pos_x>
    <pos_z>-16.0209494445</pos_z>
    <pos_y>0</pos_y>
    <rotation>-149645.884874</rotation>
    <temperature>123.315615973</temperature>
    <seed>87464006</seed>
    <atmosphereDensity>0.967531683859</atmosphereDensity>
    <atmosphereHeight>1.025</atmosphereHeight>
    <outerRadiusScale>1.0025</outerRadiusScale>
    <category>planet</category>
    <name>Planet 6</name>
  </SerializedPlanet>
  <SerializedPlanet>
    <pos_x>-14.3969834314</pos_x>
    <pos_z>-16.0475611582</pos_z>
    <pos_y>-0.00254105150396</pos_y>
    <rotation>-543.589844068</rotation>
    <radius>3986.53096175</radius>
    <temperature>123.315615973</temperature>
    <seed>87464016</seed>
    <atmosphereDensity>0</atmosphereDensity>
    <atmosphereHeight>0</atmosphereHeight>
    <outerRadiusScale>1.0025</outerRadiusScale>
    <category>moon</category>
    <name>Moon 1 of Planet 6</name>
  </SerializedPlanet>
  <SerializedPlanet>
    <pos_x>-14.4472908804</pos_x>
    <pos_z>-16.0133648643</pos_z>
    <pos_y>9.56944894762e-05</pos_y>
    <rotation>-11823.4029887</rotation>
    <radius>3950.90332783</radius>
    <temperature>123.315615973</temperature>
    <seed>87464026</seed>
    <atmosphereDensity>0</atmosphereDensity>
    <atmosphereHeight>0</atmosphereHeight>
    <outerRadiusScale>1.0025</outerRadiusScale>
    <category>moon</category>
    <name>Moon 2 of Planet 6</name>
  </SerializedPlanet>
  <SerializedPlanet>
    <pos_x>-14.4689088088</pos_x>
    <pos_z>-16.0239038116</pos_z>
    <pos_y>0.00122874709815</pos_y>
    <rotation>-2803.69712377</rotation>
    <radius>602.597804167</radius>
    <temperature>123.315615973</temperature>
    <seed>87464036</seed>
    <atmosphereDensity>0</atmosphereDensity>
    <atmosphereHeight>0</atmosphereHeight>
    <outerRadiusScale>1.0025</outerRadiusScale>
    <category>moon</category>
    <name>Moon 3 of Planet 6</name>
  </SerializedPlanet>
  <SerializedPlanet>
    <pos_x>-14.4016326526</pos_x>
    <pos_z>-15.9939538824</pos_z>
    <pos_y>-0.00229737357047</pos_y>
    <rotation>-606.897382731</rotation>
    <radius>2099.76341927</radius>
    <temperature>123.315615973</temperature>
    <seed>87464046</seed>
    <atmosphereDensity>0</atmosphereDensity>
    <atmosphereHeight>0</atmosphereHeight>
    <outerRadiusScale>1.0025</outerRadiusScale>
    <category>moon</category>
    <name>Moon 4 of Planet 6</name>
  </SerializedPlanet>
  <SerializedPlanet>
    <pos_x>-14.4524120498</pos_x>
    <pos_z>-16.0727790669</pos_z>
    <pos_y>0.000364108474788</pos_y>
    <rotation>-694.945567229</rotation>
    <radius>3328.00595575</radius>
    <temperature>123.315615973</temperature>
    <seed>87464056</seed>
    <atmosphereDensity>0</atmosphereDensity>
    <atmosphereHeight>0</atmosphereHeight>
    <outerRadiusScale>1.0025</outerRadiusScale>
    <category>moon</category>
    <name>Moon 5 of Planet 6</name>
  </SerializedPlanet>
  <SerializedPlanet>
    <pos_x>-14.4464857376</pos_x>
    <pos_z>-16.0150800635</pos_z>
    <pos_y>5.34948362681e-05</pos_y>
    <rotation>-25366.5645498</rotation>
    <radius>1407.10343692</radius>
    <temperature>123.315615973</temperature>
    <seed>87464066</seed>
    <atmosphereDensity>0</atmosphereDensity>
    <atmosphereHeight>0</atmosphereHeight>
    <outerRadiusScale>1.0025</outerRadiusScale>
    <category>moon</category>
    <name>Moon 6 of Planet 6</name>
  </SerializedPlanet>
  <SerializedPlanet>
    <pos_x>-14.4435085899</pos_x>
    <pos_z>-16.0232127072</pos_z>
    <pos_y>-0.000102545323784</pos_y>
    <rotation>-43642.6253237</rotation>
    <radius>3867.23359918</radius>
    <temperature>123.315615973</temperature>
    <seed>87464076</seed>
    <atmosphereDensity>0</atmosphereDensity>
    <atmosphereHeight>0</atmosphereHeight>
    <outerRadiusScale>1.0025</outerRadiusScale>
    <category>moon</category>
    <name>Moon 7 of Planet 6</name>
  </SerializedPlanet>
  <SerializedPlanet>
    <pos_x>-14.4260177411</pos_x>
    <pos_z>-16.0076999457</pos_z>
    <pos_y>-0.00101928681184</pos_y>
    <rotation>-3395.59974354</rotation>
    <radius>3438.21541974</radius>
    <temperature>123.315615973</temperature>
    <seed>87464086</seed>
    <atmosphereDensity>0</atmosphereDensity>
    <atmosphereHeight>0</atmosphereHeight>
    <outerRadiusScale>1.0025</outerRadiusScale>
    <category>moon</category>
    <name>Moon 8 of Planet 6</name>
  </SerializedPlanet>
  <SerializedPlanet>
    <pos_x>-14.4911626567</pos_x>
    <pos_z>-15.9975179578</pos_z>
    <pos_y>0.00239512991901</pos_y>
    <rotation>-773.117523695</rotation>
    <radius>3440.42407258</radius>
    <temperature>123.315615973</temperature>
    <seed>87464096</seed>
    <atmosphereDensity>0</atmosphereDensity>
    <atmosphereHeight>0</atmosphereHeight>
    <outerRadiusScale>1.0025</outerRadiusScale>
    <category>moon</category>
    <name>Moon 9 of Planet 6</name>
  </SerializedPlanet>
  <SerializedPlanet>
    <pos_x>-14.4130152167</pos_x>
    <pos_z>-16.0429702834</pos_z>
    <pos_y>-0.00170078338283</pos_y>
    <rotation>-1065.06263283</rotation>
    <radius>1664.06887393</radius>
    <temperature>123.315615973</temperature>
    <seed>87464106</seed>
    <atmosphereDensity>0</atmosphereDensity>
    <atmosphereHeight>0</atmosphereHeight>
    <outerRadiusScale>1.0025</outerRadiusScale>
    <category>moon</category>
    <name>Moon 10 of Planet 6</name>
  </SerializedPlanet>
  <SerializedPlanet>
    <pos_x>-14.4653342174</pos_x>
    <pos_z>-16.0011449759</pos_z>
    <pos_y>0.00104139334005</pos_y>
    <rotation>-2736.98673078</rotation>
    <radius>1272.02380697</radius>
    <temperature>123.315615973</temperature>
    <seed>87464116</seed>
    <atmosphereDensity>0</atmosphereDensity>
    <atmosphereHeight>0</atmosphereHeight>
    <outerRadiusScale>1.0025</outerRadiusScale>
    <category>moon</category>
    <name>Moon 11 of Planet 6</name>
  </SerializedPlanet>
  <SerializedPlanet>
    <pos_x>-14.3953590543</pos_x>
    <pos_z>-16.0242409388</pos_z>
    <pos_y>-0.00262618938992</pos_y>
    <rotation>-1188.82040462</rotation>
    <radius>2664.63345002</radius>
    <temperature>123.315615973</temperature>
    <seed>87464126</seed>
    <atmosphereDensity>0</atmosphereDensity>
    <atmosphereHeight>0</atmosphereHeight>
    <outerRadiusScale>1.0025</outerRadiusScale>
    <category>moon</category>
    <name>Moon 12 of Planet 6</name>
  </SerializedPlanet>
  <SerializedPlanet>
    <pos_x>-14.4196391276</pos_x>
    <pos_z>-16.0061141265</pos_z>
    <pos_y>-0.00135360675437</pos_y>
    <rotation>-2330.53841694</rotation>
    <radius>2275.89036316</radius>
    <temperature>123.315615973</temperature>
    <seed>87464136</seed>
    <atmosphereDensity>0</atmosphereDensity>
    <atmosphereHeight>0</atmosphereHeight>
    <outerRadiusScale>1.0025</outerRadiusScale>
    <category>moon</category>
    <name>Moon 13 of Planet 6</name>
  </SerializedPlanet>
  <SerializedPlanet>
    <pos_x>-14.453156727</pos_x>
    <pos_z>-16.0314863289</pos_z>
    <pos_y>0.000403138969987</pos_y>
    <rotation>-7228.28821652</rotation>
    <radius>1569.22957264</radius>
    <temperature>123.315615973</temperature>
    <seed>87464146</seed>
    <atmosphereDensity>0</atmosphereDensity>
    <atmosphereHeight>0</atmosphereHeight>
    <outerRadiusScale>1.0025</outerRadiusScale>
    <category>moon</category>
    <name>Moon 14 of Planet 6</name>
  </SerializedPlanet>
  <SerializedPlanet>
    <pos_x>-14.4413710464</pos_x>
    <pos_z>-16.0582545844</pos_z>
    <pos_y>-0.000214579611976</pos_y>
    <rotation>-1435.30862247</rotation>
    <radius>1522.60992469</radius>
    <temperature>123.315615973</temperature>
    <seed>87464156</seed>
    <atmosphereDensity>0</atmosphereDensity>
    <atmosphereHeight>0</atmosphereHeight>
    <outerRadiusScale>1.0025</outerRadiusScale>
    <category>moon</category>
    <name>Moon 15 of Planet 6</name>
  </SerializedPlanet>
  <SerializedPlanet>
    <pos_x>-14.4336433817</pos_x>
    <pos_z>-15.9996313113</pos_z>
    <pos_y>-0.000619606887585</pos_y>
    <rotation>-1851.06878675</rotation>
    <radius>2114.1144713</radius>
    <temperature>123.315615973</temperature>
    <seed>87464166</seed>
    <atmosphereDensity>0</atmosphereDensity>
    <atmosphereHeight>0</atmosphereHeight>
    <outerRadiusScale>1.0025</outerRadiusScale>
    <category>moon</category>
    <name>Moon 16 of Planet 6</name>
  </SerializedPlanet>
  <SerializedPlanet>
    <pos_x>-14.4158485416</pos_x>
    <pos_z>-16.0447282154</pos_z>
    <pos_y>-0.00155228135827</pos_y>
    <rotation>-1056.23362024</rotation>
    <radius>2728.87018232</radius>
    <temperature>123.315615973</temperature>
    <seed>87464176</seed>
    <atmosphereDensity>0</atmosphereDensity>
    <atmosphereHeight>0</atmosphereHeight>
    <outerRadiusScale>1.0025</outerRadiusScale>
    <category>moon</category>
    <name>Moon 17 of Planet 6</name>
  </SerializedPlanet>
  <SerializedPlanet>
    <pos_x>-14.4520432132</pos_x>
    <pos_z>-15.9808791198</pos_z>
    <pos_y>0.000344776778294</pos_y>
    <rotation>-1406.29221443</rotation>
    <radius>1388.96945864</radius>
    <temperature>123.315615973</temperature>
    <seed>87464186</seed>
    <atmosphereDensity>0</atmosphereDensity>
    <atmosphereHeight>0</atmosphereHeight>
    <outerRadiusScale>1.0025</outerRadiusScale>
    <category>moon</category>
    <name>Moon 18 of Planet 6</name>
  </SerializedPlanet>
  <SerializedPlanet>
    <pos_x>-14.4401427681</pos_x>
    <pos_z>-16.0622677215</pos_z>
    <pos_y>-0.000278956913983</pos_y>
    <rotation>-1371.3563361</rotation>
    <radius>2223.63780124</radius>
    <temperature>123.315615973</temperature>
    <seed>87464196</seed>
    <atmosphereDensity>0</atmosphereDensity>
    <atmosphereHeight>0</atmosphereHeight>
    <outerRadiusScale>1.0025</outerRadiusScale>
    <category>moon</category>
    <name>Moon 19 of Planet 6</name>
  </SerializedPlanet>
</Planets>
<Cameras>
  <SerializedCamera>
    <cam_x>1.68948201562</cam_x>
    <cam_z>-5.98802772232</cam_z>
    <cam_y>2.54497821319e-05</cam_y>
    <dir_x>0.965822977394</dir_x>
    <dir_z>-0.24910680023</dir_z>
    <dir_y>-0.0716364321869</dir_y>
    <up_x>-0.80897973897</up_x>
    <up_z>-0.140273544956</up_z>
    <up_y>0.57085472278</up_y>
    <fov>70</fov>
    <time>21.3818070531</time>
    <frame>0</frame>
  </SerializedCamera>
</Cameras>
</SerializedWorld>