<?xml version="1.0" encoding="utf-8"?>
<SerializedWorld xmlns:xsi="http://www.w3.org/2001/XMLSchema-instance"
 xmlns:xsd="http://www.w3.org/2001/XMLSchema">
<sun_col_r>0.863</sun_col_r>
<sun_col_g>0.899</sun_col_g>
<sun_col_b>1.000</sun_col_b>
<sun_intensity>0.100</sun_intensity>
<screenshot_width>900</screenshot_width>
<screenshot_height>900</screenshot_height>
<global_radius_scale>0.985</global_radius_scale>
<resolution>048</resolution>
<skybox>000</skybox>
<Planets>
  <SerializedPlanet>
    <pos_x>0</pos_x>
    <pos_z>0</pos_z>
    <pos_y>0</pos_y>
    <rotation>0</rotation>
    <radius>100000</radius>
    <temperature>8076.72704829</temperature>
    <seed>87464990</seed>
    <col_x>0.863169094369</col_x>
    <col_y>0.898575943732</col_y>
    <col_z>1.0</col_z>
    <atmosphereDensity>10</atmosphereDensity>
    <atmosphereHeight>1.025</atmosphereHeight>
    <outerRadiusScale>1.0025</outerRadiusScale>
    <name>The star</name>
    <category>star</category>
  </SerializedPlanet>
  <SerializedPlanet>
    <radius>5781.49244214</radius>
    <pos_x>-2.19883772873</pos_x>
    <pos_z>-1.676194121</pos_z>
    <pos_y>0</pos_y>
    <rotation>-40675.5932206</rotation>
    <temperature>323.186450768</temperature>
    <seed>87464000</seed>
    <atmosphereDensity>0.0370199045869</atmosphereDensity>
    <atmosphereHeight>1.025</atmosphereHeight>
    <outerRadiusScale>1.0025</outerRadiusScale>
    <category>planet</category>
    <name>Planet 0</name>
  </SerializedPlanet>
  <SerializedPlanet>
    <pos_x>-2.19892161949</pos_x>
    <pos_z>-1.6757795001</pos_z>
    <pos_y>4.06216187249e-06</pos_y>
    <rotation>-40705.1773572</rotation>
    <radius>1543.92542406</radius>
    <temperature>323.186450768</temperature>
    <seed>87464010</seed>
    <atmosphereDensity>0</atmosphereDensity>
    <atmosphereHeight>0</atmosphereHeight>
    <outerRadiusScale>1.0025</outerRadiusScale>
    <category>moon</category>
    <name>Moon 1 of Planet 0</name>
  </SerializedPlanet>
  <SerializedPlanet>
    <pos_x>-2.19747122789</pos_x>
    <pos_z>-1.67561096298</pos_z>
    <pos_y>-6.61687576018e-05</pos_y>
    <rotation>-6280.21775677</rotation>
    <radius>885.905988235</radius>
    <temperature>323.186450768</temperature>
    <seed>87464020</seed>
    <atmosphereDensity>0</atmosphereDensity>
    <atmosphereHeight>0</atmosphereHeight>
    <outerRadiusScale>1.0025</outerRadiusScale>
    <category>moon</category>
    <name>Moon 2 of Planet 0</name>
  </SerializedPlanet>
  <SerializedPlanet>
    <radius>4013.99448043</radius>
    <pos_x>3.39213876993</pos_x>
    <pos_z>0.81802027507</pos_z>
    <pos_y>0</pos_y>
    <rotation>-31839.8028442</rotation>
    <temperature>293.544986882</temperature>
    <seed>87464001</seed>
    <atmosphereDensity>0.214778705713</atmosphereDensity>
    <atmosphereHeight>1.025</atmosphereHeight>
    <outerRadiusScale>1.0025</outerRadiusScale>
    <category>planet</category>
    <name>Planet 1</name>
  </SerializedPlanet>
  <SerializedPlanet>
    <radius>88725.8653062</radius>
    <pos_x>-2.70535339091</pos_x>
    <pos_z>-12.5566477752</pos_z>
    <pos_y>0</pos_y>
    <rotation>-125296.838335</rotation>
    <temperature>151.530603596</temperature>
    <seed>87464002</seed>
    <atmosphereDensity>0.933310072327</atmosphereDensity>
    <atmosphereHeight>1.025</atmosphereHeight>
    <outerRadiusScale>1.0025</outerRadiusScale>
    <category>planet</category>
    <name>Planet 2</name>
  </SerializedPlanet>
  <SerializedPlanet>
    <pos_x>-2.70952916507</pos_x>
    <pos_z>-12.5870988585</pos_z>
    <pos_y>-0.000329661845613</pos_y>
    <rotation>-2310.28887664</rotation>
    <radius>3384.13603106</radius>
    <temperature>151.530603596</temperature>
    <seed>87464012</seed>
    <atmosphereDensity>0</atmosphereDensity>
    <atmosphereHeight>0</atmosphereHeight>
    <outerRadiusScale>1.0025</outerRadiusScale>
    <category>moon</category>
    <name>Moon 1 of Planet 2</name>
  </SerializedPlanet>
  <SerializedPlanet>
    <pos_x>-2.66645946271</pos_x>
    <pos_z>-12.5364445389</pos_z>
    <pos_y>0.00307053103235</pos_y>
    <rotation>-1325.44043849</rotation>
    <radius>814.836047479</radius>
    <temperature>151.530603596</temperature>
    <seed>87464022</seed>
    <atmosphereDensity>0</atmosphereDensity>
    <atmosphereHeight>0</atmosphereHeight>
    <outerRadiusScale>1.0025</outerRadiusScale>
    <category>moon</category>
    <name>Moon 2 of Planet 2</name>
  </SerializedPlanet>
  <SerializedPlanet>
    <pos_x>-2.73015615034</pos_x>
    <pos_z>-12.5563202558</pos_z>
    <pos_y>-0.00195808564646</pos_y>
    <rotation>-3442.82083391</rotation>
    <radius>1343.77780157</radius>
    <temperature>151.530603596</temperature>
    <seed>87464032</seed>
    <atmosphereDensity>0</atmosphereDensity>
    <atmosphereHeight>0</atmosphereHeight>
    <outerRadiusScale>1.0025</outerRadiusScale>
    <category>moon</category>
    <name>Moon 3 of Planet 2</name>
  </SerializedPlanet>
  <SerializedPlanet>
    <pos_x>-2.7116799849</pos_x>
    <pos_z>-12.564385127</pos_z>
    <pos_y>-0.000499461074612</pos_y>
    <rotation>-7443.87995158</rotation>
    <radius>3804.50342563</radius>
    <temperature>151.530603596</temperature>
    <seed>87464042</seed>
    <atmosphereDensity>0</atmosphereDensity>
    <atmosphereHeight>0</atmosphereHeight>
    <outerRadiusScale>1.0025</outerRadiusScale>
    <category>moon</category>
    <name>Moon 4 of Planet 2</name>
  </SerializedPlanet>
  <SerializedPlanet>
    <pos_x>-2.7042226607</pos_x>
    <pos_z>-12.5941851684</pos_z>
    <pos_y>8.92669457238e-05</pos_y>
    <rotation>-1017.21371905</rotation>
    <radius>3519.98704516</radius>
    <temperature>151.530603596</temperature>
    <seed>87464052</seed>
    <atmosphereDensity>0</atmosphereDensity>
    <atmosphereHeight>0</atmosphereHeight>
    <outerRadiusScale>1.0025</outerRadiusScale>
    <category>moon</category>
    <name>Moon 5 of Planet 2</name>
  </SerializedPlanet>
  <SerializedPlanet>
    <pos_x>-2.67445457651</pos_x>
    <pos_z>-12.5780664524</pos_z>
    <pos_y>0.00243934652222</pos_y>
    <rotation>-1629.71330094</rotation>
    <radius>1216.8581824</radius>
    <temperature>151.530603596</temperature>
    <seed>87464062</seed>
    <atmosphereDensity>0</atmosphereDensity>
    <atmosphereHeight>0</atmosphereHeight>
    <outerRadiusScale>1.0025</outerRadiusScale>
    <category>moon</category>
    <name>Moon 6 of Planet 2</name>
  </SerializedPlanet>
  <SerializedPlanet>
    <pos_x>-2.70857025096</pos_x>
    <pos_z>-12.520313792</pos_z>
    <pos_y>-0.000253959141863</pos_y>
    <rotation>-1169.31246399</rotation>
    <radius>2628.43940895</radius>
    <temperature>151.530603596</temperature>
    <seed>87464072</seed>
    <atmosphereDensity>0</atmosphereDensity>
    <atmosphereHeight>0</atmosphereHeight>
    <outerRadiusScale>1.0025</outerRadiusScale>
    <category>moon</category>
    <name>Moon 7 of Planet 2</name>
  </SerializedPlanet>
  <SerializedPlanet>
    <pos_x>-2.71296675788</pos_x>
    <pos_z>-12.6020638278</pos_z>
    <pos_y>-0.000601047017548</pos_y>
    <rotation>-1056.22234407</rotation>
    <radius>1818.79214752</radius>
    <temperature>151.530603596</temperature>
    <seed>87464082</seed>
    <atmosphereDensity>0</atmosphereDensity>
    <atmosphereHeight>0</atmosphereHeight>
    <outerRadiusScale>1.0025</outerRadiusScale>
    <category>moon</category>
    <name>Moon 8 of Planet 2</name>
  </SerializedPlanet>
  <SerializedPlanet>
    <pos_x>-2.68257127245</pos_x>
    <pos_z>-12.5692505509</pos_z>
    <pos_y>0.00179856355366</pos_y>
    <rotation>-2005.97757997</rotation>
    <radius>531.582884342</radius>
    <temperature>151.530603596</temperature>
    <seed>87464092</seed>
    <atmosphereDensity>0</atmosphereDensity>
    <atmosphereHeight>0</atmosphereHeight>
    <outerRadiusScale>1.0025</outerRadiusScale>
    <category>moon</category>
    <name>Moon 9 of Planet 2</name>
  </SerializedPlanet>
  <SerializedPlanet>
    <pos_x>-2.71378315009</pos_x>
    <pos_z>-12.5567730635</pos_z>
    <pos_y>-0.000665498147832</pos_y>
    <rotation>-12074.7293235</rotation>
    <radius>1512.85770939</radius>
    <temperature>151.530603596</temperature>
    <seed>87464102</seed>
    <atmosphereDensity>0</atmosphereDensity>
    <atmosphereHeight>0</atmosphereHeight>
    <outerRadiusScale>1.0025</outerRadiusScale>
    <category>moon</category>
    <name>Moon 10 of Planet 2</name>
  </SerializedPlanet>
  <SerializedPlanet>
    <pos_x>-2.7180773561</pos_x>
    <pos_z>-12.5013221899</pos_z>
    <pos_y>-0.00100450974759</pos_y>
    <rotation>-664.898102267</rotation>
    <radius>690.187610338</radius>
    <temperature>151.530603596</temperature>
    <seed>87464112</seed>
    <atmosphereDensity>0</atmosphereDensity>
    <atmosphereHeight>0</atmosphereHeight>
    <outerRadiusScale>1.0025</outerRadiusScale>
    <category>moon</category>
    <name>Moon 11 of Planet 2</name>
  </SerializedPlanet>
  <SerializedPlanet>
    <pos_x>-2.70041976194</pos_x>
    <pos_z>-12.5301021427</pos_z>
    <pos_y>0.000389491664551</pos_y>
    <rotation>-2361.82188607</rotation>
    <radius>2571.85962299</radius>
    <temperature>151.530603596</temperature>
    <seed>87464122</seed>
    <atmosphereDensity>0</atmosphereDensity>
    <atmosphereHeight>0</atmosphereHeight>
    <outerRadiusScale>1.0025</outerRadiusScale>
    <category>moon</category>
    <name>Moon 12 of Planet 2</name>
  </SerializedPlanet>
  <SerializedPlanet>
    <pos_x>-2.70999176238</pos_x>
    <pos_z>-12.5590872378</pos_z>
    <pos_y>-0.000366182183149</pos_y>
    <rotation>-32962.014703</rotation>
    <radius>2068.13805261</radius>
    <temperature>151.530603596</temperature>
    <seed>87464132</seed>
    <atmosphereDensity>0</atmosphereDensity>
    <atmosphereHeight>0</atmosphereHeight>
    <outerRadiusScale>1.0025</outerRadiusScale>
    <category>moon</category>
    <name>Moon 13 of Planet 2</name>
  </SerializedPlanet>
  <SerializedPlanet>
    <pos_x>-2.69531727975</pos_x>
    <pos_z>-12.5563109394</pos_z>
    <pos_y>0.00079231366414</pos_y>
    <rotation>-11484.3864959</rotation>
    <radius>1857.99346293</radius>
    <temperature>151.530603596</temperature>
    <seed>87464142</seed>
    <atmosphereDensity>0</atmosphereDensity>
    <atmosphereHeight>0</atmosphereHeight>
    <outerRadiusScale>1.0025</outerRadiusScale>
    <category>moon</category>
    <name>Moon 14 of Planet 2</name>
  </SerializedPlanet>
  <SerializedPlanet>
    <pos_x>-2.75434831398</pos_x>
    <pos_z>-12.5291217367</pos_z>
    <pos_y>-0.00386796702504</pos_y>
    <rotation>-752.310095847</rotation>
    <radius>770.64290482</radius>
    <temperature>151.530603596</temperature>
    <seed>87464152</seed>
    <atmosphereDensity>0</atmosphereDensity>
    <atmosphereHeight>0</atmosphereHeight>
    <outerRadiusScale>1.0025</outerRadiusScale>
    <category>moon</category>
    <name>Moon 15 of Planet 2</name>
  </SerializedPlanet>
  <SerializedPlanet>
    <pos_x>-2.67376140617</pos_x>
    <pos_z>-12.5719833611</pos_z>
    <pos_y>0.0024940697438</pos_y>
    <rotation>-1766.35021341</rotation>
    <radius>2797.70445771</radius>
    <temperature>151.530603596</temperature>
    <seed>87464162</seed>
    <atmosphereDensity>0</atmosphereDensity>
    <atmosphereHeight>0</atmosphereHeight>
    <outerRadiusScale>1.0025</outerRadiusScale>
    <category>moon</category>
    <name>Moon 16 of Planet 2</name>
  </SerializedPlanet>
  <SerializedPlanet>
    <pos_x>-2.75711053629</pos_x>
    <pos_z>-12.567717929</pos_z>
    <pos_y>-0.00408603420667</pos_y>
    <rotation>-782.593143293</rotation>
    <radius>2222.30856819</radius>
    <temperature>151.530603596</temperature>
    <seed>87464172</seed>
    <atmosphereDensity>0</atmosphereDensity>
    <atmosphereHeight>0</atmosphereHeight>
    <outerRadiusScale>1.0025</outerRadiusScale>
    <category>moon</category>
    <name>Moon 17 of Planet 2</name>
  </SerializedPlanet>
  <SerializedPlanet>
    <pos_x>-2.73422315368</pos_x>
    <pos_z>-12.5516514384</pos_z>
    <pos_y>-0.00227916043969</pos_y>
    <rotation>-2062.08073081</rotation>
    <radius>1675.73775511</radius>
    <temperature>151.530603596</temperature>
    <seed>87464182</seed>
    <atmosphereDensity>0</atmosphereDensity>
    <atmosphereHeight>0</atmosphereHeight>
    <outerRadiusScale>1.0025</outerRadiusScale>
    <category>moon</category>
    <name>Moon 18 of Planet 2</name>
  </SerializedPlanet>
  <SerializedPlanet>
    <pos_x>-2.7170419437</pos_x>
    <pos_z>-12.5519747009</pos_z>
    <pos_y>-0.000922767787705</pos_y>
    <rotation>-7601.55403037</rotation>
    <radius>3635.02329496</radius>
    <temperature>151.530603596</temperature>
    <seed>87464192</seed>
    <atmosphereDensity>0</atmosphereDensity>
    <atmosphereHeight>0</atmosphereHeight>
    <outerRadiusScale>1.0025</outerRadiusScale>
    <category>moon</category>
    <name>Moon 19 of Planet 2</name>
  </SerializedPlanet>
  <SerializedPlanet>
    <pos_x>-2.6629656644</pos_x>
    <pos_z>-12.570179453</pos_z>
    <pos_y>0.00334635341973</pos_y>
    <rotation>-1347.89308526</rotation>
    <radius>2737.97722897</radius>
    <temperature>151.530603596</temperature>
    <seed>87464202</seed>
    <atmosphereDensity>0</atmosphereDensity>
    <atmosphereHeight>0</atmosphereHeight>
    <outerRadiusScale>1.0025</outerRadiusScale>
    <category>moon</category>
    <name>Moon 20 of Planet 2</name>
  </SerializedPlanet>
  <SerializedPlanet>
    <pos_x>-2.69345278097</pos_x>
    <pos_z>-12.5534164207</pos_z>
    <pos_y>0.000939508910654</pos_y>
    <rotation>-6848.97280677</rotation>
    <radius>1738.8923623</radius>
    <temperature>151.530603596</temperature>
    <seed>87464212</seed>
    <atmosphereDensity>0</atmosphereDensity>
    <atmosphereHeight>0</atmosphereHeight>
    <outerRadiusScale>1.0025</outerRadiusScale>
    <category>moon</category>
    <name>Moon 21 of Planet 2</name>
  </SerializedPlanet>
  <SerializedPlanet>
    <pos_x>-2.72669395492</pos_x>
    <pos_z>-12.5597970867</pos_z>
    <pos_y>-0.00168475818944</pos_y>
    <rotation>-3087.54323191</rotation>
    <radius>1250.61719689</radius>
    <temperature>151.530603596</temperature>
    <seed>87464222</seed>
    <atmosphereDensity>0</atmosphereDensity>
    <atmosphereHeight>0</atmosphereHeight>
    <outerRadiusScale>1.0025</outerRadiusScale>
    <category>moon</category>
    <name>Moon 22 of Planet 2</name>
  </SerializedPlanet>
  <SerializedPlanet>
    <pos_x>-2.70419381319</pos_x>
    <pos_z>-12.5652518636</pos_z>
    <pos_y>9.15443494058e-05</pos_y>
    <rotation>-16042.9707431</rotation>
    <radius>2140.27685621</radius>
    <temperature>151.530603596</temperature>
    <seed>87464232</seed>
    <atmosphereDensity>0</atmosphereDensity>
    <atmosphereHeight>0</atmosphereHeight>
    <outerRadiusScale>1.0025</outerRadiusScale>
    <category>moon</category>
    <name>Moon 23 of Planet 2</name>
  </SerializedPlanet>
  <SerializedPlanet>
    <pos_x>-2.73658984902</pos_x>
    <pos_z>-12.5557549144</pos_z>
    <pos_y>-0.00246600223785</pos_y>
    <rotation>-1745.03695768</rotation>
    <radius>3790.88369954</radius>
    <temperature>151.530603596</temperature>
    <seed>87464242</seed>
    <atmosphereDensity>0</atmosphereDensity>
    <atmosphereHeight>0</atmosphereHeight>
    <outerRadiusScale>1.0025</outerRadiusScale>
    <category>moon</category>
    <name>Moon 24 of Planet 2</name>
  </SerializedPlanet>
  <SerializedPlanet>
    <pos_x>-2.69084286856</pos_x>
    <pos_z>-12.5512916076</pos_z>
    <pos_y>0.00114555179266</pos_y>
    <rotation>-5228.74505574</rotation>
    <radius>474.910241531</radius>
    <temperature>151.530603596</temperature>
    <seed>87464252</seed>
    <atmosphereDensity>0</atmosphereDensity>
    <atmosphereHeight>0</atmosphereHeight>
    <outerRadiusScale>1.0025</outerRadiusScale>
    <category>moon</category>
    <name>Moon 25 of Planet 2</name>
  </SerializedPlanet>
  <SerializedPlanet>
    <pos_x>-2.71010860369</pos_x>
    <pos_z>-12.5499029809</pos_z>
    <pos_y>-0.000375406370183</pos_y>
    <rotation>-15244.2180886</rotation>
    <radius>3975.59117819</radius>
    <temperature>151.530603596</temperature>
    <seed>87464262</seed>
    <atmosphereDensity>0</atmosphereDensity>
    <atmosphereHeight>0</atmosphereHeight>
    <outerRadiusScale>1.0025</outerRadiusScale>
    <category>moon</category>
    <name>Moon 26 of Planet 2</name>
  </SerializedPlanet>
  <SerializedPlanet>
    <radius>1274.45357914</radius>
    <pos_x>-26.1996984857</pos_x>
    <pos_z>6.6893102265</pos_z>
    <pos_y>0</pos_y>
    <rotation>-1543.76789249</rotation>
    <temperature>106.630248472</temperature>
    <seed>87464003</seed>
    <atmosphereDensity>0.125316563678</atmosphereDensity>
    <atmosphereHeight>1.025</atmosphereHeight>
    <outerRadiusScale>1.0025</outerRadiusScale>
    <category>planet</category>
    <name>Planet 3</name>
  </SerializedPlanet>
  <SerializedPlanet>
    <radius>30711.7309935</radius>
    <pos_x>-0.306983382764</pos_x>
    <pos_z>-4.71219227108</pos_z>
    <pos_y>0</pos_y>
    <rotation>-79889.4479798</rotation>
    <temperature>251.010649022</temperature>
    <seed>87464004</seed>
    <atmosphereDensity>0.898922765572</atmosphereDensity>
    <atmosphereHeight>1.025</atmosphereHeight>
    <outerRadiusScale>1.0025</outerRadiusScale>
    <category>planet</category>
    <name>Planet 4</name>
  </SerializedPlanet>
  <SerializedPlanet>
    <pos_x>-0.320443083213</pos_x>
    <pos_z>-4.70600316223</pos_z>
    <pos_y>-0.00124610566323</pos_y>
    <rotation>-902.239297131</rotation>
    <radius>3756.61222994</radius>
    <temperature>251.010649022</temperature>
    <seed>87464014</seed>
    <atmosphereDensity>0</atmosphereDensity>
    <atmosphereHeight>0</atmosphereHeight>
    <outerRadiusScale>1.0025</outerRadiusScale>
    <category>moon</category>
    <name>Moon 1 of Planet 4</name>
  </SerializedPlanet>
  <SerializedPlanet>
    <pos_x>-0.305471809466</pos_x>
    <pos_z>-4.69375287018</pos_z>
    <pos_y>0.0001399421966</pos_y>
    <rotation>-945.124120349</rotation>
    <radius>2609.93313948</radius>
    <temperature>251.010649022</temperature>
    <seed>87464024</seed>
    <atmosphereDensity>0</atmosphereDensity>
    <atmosphereHeight>0</atmosphereHeight>
    <outerRadiusScale>1.0025</outerRadiusScale>
    <category>moon</category>
    <name>Moon 2 of Planet 4</name>
  </SerializedPlanet>
  <SerializedPlanet>
    <pos_x>-0.304642896692</pos_x>
    <pos_z>-4.70277756725</pos_z>
    <pos_y>0.000216683347387</pos_y>
    <rotation>-2463.95493153</rotation>
    <radius>607.731601483</radius>
    <temperature>251.010649022</temperature>
    <seed>87464034</seed>
    <atmosphereDensity>0</atmosphereDensity>
    <atmosphereHeight>0</atmosphereHeight>
    <outerRadiusScale>1.0025</outerRadiusScale>
    <category>moon</category>
    <name>Moon 3 of Planet 4</name>
  </SerializedPlanet>
  <SerializedPlanet>
    <pos_x>-0.301616037565</pos_x>
    <pos_z>-4.71028958539</pos_z>
    <pos_y>0.000496911448594</pos_y>
    <rotation>-4184.84713686</rotation>
    <radius>3571.96475105</radius>
    <temperature>251.010649022</temperature>
    <seed>87464044</seed>
    <atmosphereDensity>0</atmosphereDensity>
    <atmosphereHeight>0</atmosphereHeight>
    <outerRadiusScale>1.0025</outerRadiusScale>
    <category>moon</category>
    <name>Moon 4 of Planet 4</name>
  </SerializedPlanet>
  <SerializedPlanet>
    <pos_x>-0.317681248214</pos_x>
    <pos_z>-4.71268236621</pos_z>
    <pos_y>-0.000990413625655</pos_y>
    <rotation>-1622.64024614</rotation>
    <radius>457.679012707</radius>
    <temperature>251.010649022</temperature>
    <seed>87464054</seed>
    <atmosphereDensity>0</atmosphereDensity>
    <atmosphereHeight>0</atmosphereHeight>
    <outerRadiusScale>1.0025</outerRadiusScale>
    <category>moon</category>
    <name>Moon 5 of Planet 4</name>
  </SerializedPlanet>
  <SerializedPlanet>
    <pos_x>-0.312878751136</pos_x>
    <pos_z>-4.72081032094</pos_z>
    <pos_y>-0.000545796092841</pos_y>
    <rotation>-1913.48469544</rotation>
    <radius>1185.60285613</radius>
    <temperature>251.010649022</temperature>
    <seed>87464064</seed>
    <atmosphereDensity>0</atmosphereDensity>
    <atmosphereHeight>0</atmosphereHeight>
    <outerRadiusScale>1.0025</outerRadiusScale>
    <category>moon</category>
    <name>Moon 6 of Planet 4</name>
  </SerializedPlanet>
  <SerializedPlanet>
    <pos_x>-0.318720802048</pos_x>
    <pos_z>-4.72184920874</pos_z>
    <pos_y>-0.00108665602905</pos_y>
    <rotation>-925.335792476</rotation>
    <radius>2331.06291087</radius>
    <temperature>251.010649022</temperature>
    <seed>87464074</seed>
    <atmosphereDensity>0</atmosphereDensity>
    <atmosphereHeight>0</atmosphereHeight>
    <outerRadiusScale>1.0025</outerRadiusScale>
    <category>moon</category>
    <name>Moon 7 of Planet 4</name>
  </SerializedPlanet>
  <SerializedPlanet>
    <pos_x>-0.308952954498</pos_x>
    <pos_z>-4.71175912344</pos_z>
    <pos_y>-0.000182343916281</pos_y>
    <rotation>-22211.8416512</rotation>
    <radius>3710.98117882</radius>
    <temperature>251.010649022</temperature>
    <seed>87464084</seed>
    <atmosphereDensity>0</atmosphereDensity>
    <atmosphereHeight>0</atmosphereHeight>
    <outerRadiusScale>1.0025</outerRadiusScale>
    <category>moon</category>
    <name>Moon 8 of Planet 4</name>
  </SerializedPlanet>
  <SerializedPlanet>
    <radius>3407.2882425</radius>
    <pos_x>1.68966483745</pos_x>
    <pos_z>-5.98798007333</pos_z>
    <pos_y>0</pos_y>
    <rotation>-1328.83608523</rotation>
    <temperature>219.223558506</temperature>
    <seed>87464005</seed>
    <atmosphereDensity>0.0701098125332</atmosphereDensity>
    <atmosphereHeight>1.025</atmosphereHeight>
    <outerRadiusScale>1.0025</outerRadiusScale>
    <category>planet</category>
    <name>Planet 5</name>
  </SerializedPlanet>
  <SerializedPlanet>
    <pos_x>1.68879583762</pos_x>
    <pos_z>-5.98823126906</pos_z>
    <pos_y>3.41252171082e-05</pos_y>
    <rotation>-3338.50048338</rotation>
    <radius>1108.28371815</radius>
    <temperature>219.223558506</temperature>
    <seed>87464015</seed>
    <atmosphereDensity>0</atmosphereDensity>
    <atmosphereHeight>0</atmosphereHeight>
    <outerRadiusScale>1.0025</outerRadiusScale>
    <category>moon</category>
    <name>Moon 1 of Planet 5</name>
  </SerializedPlanet>
  <SerializedPlanet>
    <radius>92689.5697258</radius>
    <pos_x>-14.4454101066</pos_x>
    <pos_z>-16.0210044827</pos_z>
    <pos_y>0</pos_y>
    <rotation>-149646.219417</rotation>
    <temperature>123.315615973</temperature>
    <seed>87464006</seed>
    <atmosphereDensity>0.967531683859</atmosphereDensity>
    <atmosphereHeight>1.025</atmosphereHeight>
    <outerRadiusScale>1.0025</outerRadiusScale>
    <category>planet</category>
    <name>Planet 6</name>
  </SerializedPlanet>
  <SerializedPlanet>
    <pos_x>-14.3968969493</pos_x>
    <pos_z>-16.0475587308</pos_z>
    <pos_y>-0.00254270243692</pos_y>
    <rotation>-543.591051393</rotation>
    <radius>3986.53096175</radius>
    <temperature>123.315615973</temperature>
    <seed>87464016</seed>
    <atmosphereDensity>0</atmosphereDensity>
    <atmosphereHeight>0</atmosphereHeight>
    <outerRadiusScale>1.0025</outerRadiusScale>
    <category>moon</category>
    <name>Moon 1 of Planet 6</name>
  </SerializedPlanet>
  <SerializedPlanet>
    <pos_x>-14.4474050644</pos_x>
    <pos_z>-16.0134626321</pos_z>
    <pos_y>0.000104560995755</pos_y>
    <rotation>-11823.4294069</rotation>
    <radius>3950.90332783</radius>
    <temperature>123.315615973</temperature>
    <seed>87464026</seed>
    <atmosphereDensity>0</atmosphereDensity>
    <atmosphereHeight>0</atmosphereHeight>
    <outerRadiusScale>1.0025</outerRadiusScale>
    <category>moon</category>
    <name>Moon 2 of Planet 6</name>
  </SerializedPlanet>
  <SerializedPlanet>
    <pos_x>-14.4688410793</pos_x>
    <pos_z>-16.024058293</pos_z>
    <pos_y>0.00122807903877</pos_y>
    <rotation>-2803.70338522</rotation>
    <radius>602.597804167</radius>
    <temperature>123.315615973</temperature>
    <seed>87464036</seed>
    <atmosphereDensity>0</atmosphereDensity>
    <atmosphereHeight>0</atmosphereHeight>
    <outerRadiusScale>1.0025</outerRadiusScale>
    <category>moon</category>
    <name>Moon 3 of Planet 6</name>
  </SerializedPlanet>
  <SerializedPlanet>
    <pos_x>-14.401613327</pos_x>
    <pos_z>-15.9939511088</pos_z>
    <pos_y>-0.00229550464898</pos_y>
    <rotation>-606.898737353</rotation>
    <radius>2099.76341927</radius>
    <temperature>123.315615973</temperature>
    <seed>87464046</seed>
    <atmosphereDensity>0</atmosphereDensity>
    <atmosphereHeight>0</atmosphereHeight>
    <outerRadiusScale>1.0025</outerRadiusScale>
    <category>moon</category>
    <name>Moon 4 of Planet 6</name>
  </SerializedPlanet>
  <SerializedPlanet>
    <pos_x>-14.4522902649</pos_x>
    <pos_z>-16.072843015</pos_z>
    <pos_y>0.000360607232435</pos_y>
    <rotation>-694.94710707</rotation>
    <radius>3328.00595575</radius>
    <temperature>123.315615973</temperature>
    <seed>87464056</seed>
    <atmosphereDensity>0</atmosphereDensity>
    <atmosphereHeight>0</atmosphereHeight>
    <outerRadiusScale>1.0025</outerRadiusScale>
    <category>moon</category>
    <name>Moon 5 of Planet 6</name>
  </SerializedPlanet>
  <SerializedPlanet>
    <pos_x>-14.4466268594</pos_x>
    <pos_z>-16.0151725991</pos_z>
    <pos_y>6.37732253949e-05</pos_y>
    <rotation>-25366.6212552</rotation>
    <radius>1407.10343692</radius>
    <temperature>123.315615973</temperature>
    <seed>87464066</seed>
    <atmosphereDensity>0</atmosphereDensity>
    <atmosphereHeight>0</atmosphereHeight>
    <outerRadiusScale>1.0025</outerRadiusScale>
    <category>moon</category>
    <name>Moon 6 of Planet 6</name>
  </SerializedPlanet>
  <SerializedPlanet>
    <pos_x>-14.4432494369</pos_x>
    <pos_z>-16.0230737234</pos_z>
    <pos_y>-0.000113246394356</pos_y>
    <rotation>-43642.7228765</rotation>
    <radius>3867.23359918</radius>
    <temperature>123.315615973</temperature>
    <seed>87464076</seed>
    <atmosphereDensity>0</atmosphereDensity>
    <atmosphereHeight>0</atmosphereHeight>
    <outerRadiusScale>1.0025</outerRadiusScale>
    <category>moon</category>
    <name>Moon 7 of Planet 6</name>
  </SerializedPlanet>
  <SerializedPlanet>
    <pos_x>-14.4260195004</pos_x>
    <pos_z>-16.0076720791</pos_z>
    <pos_y>-0.00101631277893</pos_y>
    <rotation>-3395.60733244</rotation>
    <radius>3438.21541974</radius>
    <temperature>123.315615973</temperature>
    <seed>87464086</seed>
    <atmosphereDensity>0</atmosphereDensity>
    <atmosphereHeight>0</atmosphereHeight>
    <outerRadiusScale>1.0025</outerRadiusScale>
    <category>moon</category>
    <name>Moon 8 of Planet 6</name>
  </SerializedPlanet>
  <SerializedPlanet>
    <pos_x>-14.4911386623</pos_x>
    <pos_z>-15.9976335313</pos_z>
    <pos_y>0.0023967541289</pos_y>
    <rotation>-773.119249962</rotation>
    <radius>3440.42407258</radius>
    <temperature>123.315615973</temperature>
    <seed>87464096</seed>
    <atmosphereDensity>0</atmosphereDensity>
    <atmosphereHeight>0</atmosphereHeight>
    <outerRadiusScale>1.0025</outerRadiusScale>
    <category>moon</category>
    <name>Moon 9 of Planet 6</name>
  </SerializedPlanet>
  <SerializedPlanet>
    <pos_x>-14.4129165981</pos_x>
    <pos_z>-16.0429608833</pos_z>
    <pos_y>-0.00170307041937</pos_y>
    <rotation>-1065.06500503</rotation>
    <radius>1664.06887393</radius>
    <temperature>123.315615973</temperature>
    <seed>87464106</seed>
    <atmosphereDensity>0</atmosphereDensity>
    <atmosphereHeight>0</atmosphereHeight>
    <outerRadiusScale>1.0025</outerRadiusScale>
    <category>moon</category>
    <name>Moon 10 of Planet 6</name>
  </SerializedPlanet>
  <SerializedPlanet>
    <pos_x>-14.4653440832</pos_x>
    <pos_z>-16.0012652887</pos_z>
    <pos_y>0.00104479225339</pos_y>
    <rotation>-2736.99283723</rotation>
    <radius>1272.02380697</radius>
    <temperature>123.315615973</temperature>
    <seed>87464116</seed>
    <atmosphereDensity>0</atmosphereDensity>
    <atmosphereHeight>0</atmosphereHeight>
    <outerRadiusScale>1.0025</outerRadiusScale>
    <category>moon</category>
    <name>Moon 11 of Planet 6</name>
  </SerializedPlanet>
  <SerializedPlanet>
    <pos_x>-14.3952996098</pos_x>
    <pos_z>-16.0242273477</pos_z>
    <pos_y>-0.0026264232078</pos_y>
    <rotation>-1188.82305552</rotation>
    <radius>2664.63345002</radius>
    <temperature>123.315615973</temperature>
    <seed>87464126</seed>
    <atmosphereDensity>0</atmosphereDensity>
    <atmosphereHeight>0</atmosphereHeight>
    <outerRadiusScale>1.0025</outerRadiusScale>
    <category>moon</category>
    <name>Moon 12 of Planet 6</name>
  </SerializedPlanet>
  <SerializedPlanet>
    <pos_x>-14.4196287405</pos_x>
    <pos_z>-16.0060917984</pos_z>
    <pos_y>-0.00135126934734</pos_y>
    <rotation>-2330.54361818</rotation>
    <radius>2275.89036316</radius>
    <temperature>123.315615973</temperature>
    <seed>87464136</seed>
    <atmosphereDensity>0</atmosphereDensity>
    <atmosphereHeight>0</atmosphereHeight>
    <outerRadiusScale>1.0025</outerRadiusScale>
    <category>moon</category>
    <name>Moon 13 of Planet 6</name>
  </SerializedPlanet>
  <SerializedPlanet>
    <pos_x>-14.4529923522</pos_x>
    <pos_z>-16.031620356</pos_z>
    <pos_y>0.000397405478139</pos_y>
    <rotation>-7228.30437142</rotation>
    <radius>1569.22957264</radius>
    <temperature>123.315615973</temperature>
    <seed>87464146</seed>
    <atmosphereDensity>0</atmosphereDensity>
    <atmosphereHeight>0</atmosphereHeight>
    <outerRadiusScale>1.0025</outerRadiusScale>
    <category>moon</category>
    <name>Moon 14 of Planet 6</name>
  </SerializedPlanet>
  <SerializedPlanet>
    <pos_x>-14.4412369947</pos_x>
    <pos_z>-16.0583008605</pos_z>
    <pos_y>-0.00021872379405</pos_y>
    <rotation>-1435.31181915</rotation>
    <radius>1522.60992469</radius>
    <temperature>123.315615973</temperature>
    <seed>87464156</seed>
    <atmosphereDensity>0</atmosphereDensity>
    <atmosphereHeight>0</atmosphereHeight>
    <outerRadiusScale>1.0025</outerRadiusScale>
    <category>moon</category>
    <name>Moon 15 of Planet 6</name>
  </SerializedPlanet>
  <SerializedPlanet>
    <pos_x>-14.4336748184</pos_x>
    <pos_z>-15.9996386549</pos_z>
    <pos_y>-0.000615077381914</pos_y>
    <rotation>-1851.07291242</rotation>
    <radius>2114.1144713</radius>
    <temperature>123.315615973</temperature>
    <seed>87464166</seed>
    <atmosphereDensity>0</atmosphereDensity>
    <atmosphereHeight>0</atmosphereHeight>
    <outerRadiusScale>1.0025</outerRadiusScale>
    <category>moon</category>
    <name>Moon 16 of Planet 6</name>
  </SerializedPlanet>
  <SerializedPlanet>
    <pos_x>-14.4157441146</pos_x>
    <pos_z>-16.0447215399</pos_z>
    <pos_y>-0.00155487283017</pos_y>
    <rotation>-1056.23597212</rotation>
    <radius>2728.87018232</radius>
    <temperature>123.315615973</temperature>
    <seed>87464176</seed>
    <atmosphereDensity>0</atmosphereDensity>
    <atmosphereHeight>0</atmosphereHeight>
    <outerRadiusScale>1.0025</outerRadiusScale>
    <category>moon</category>
    <name>Moon 17 of Planet 6</name>
  </SerializedPlanet>
  <SerializedPlanet>
    <pos_x>-14.4520636863</pos_x>
    <pos_z>-15.9809466183</pos_z>
    <pos_y>0.000348731652995</pos_y>
    <rotation>-1406.29535558</rotation>
    <radius>1388.96945864</radius>
    <temperature>123.315615973</temperature>
    <seed>87464186</seed>
    <atmosphereDensity>0</atmosphereDensity>
    <atmosphereHeight>0</atmosphereHeight>
    <outerRadiusScale>1.0025</outerRadiusScale>
    <category>moon</category>
    <name>Moon 18 of Planet 6</name>
  </SerializedPlanet>
  <SerializedPlanet>
    <pos_x>-14.4400129066</pos_x>
    <pos_z>-16.0623130455</pos_z>
    <pos_y>-0.000282881476367</pos_y>
    <rotation>-1371.35939149</rotation>
    <radius>2223.63780124</radius>
    <temperature>123.315615973</temperature>
    <seed>87464196</seed>
    <atmosphereDensity>0</atmosphereDensity>
    <atmosphereHeight>0</atmosphereHeight>
    <outerRadiusScale>1.0025</outerRadiusScale>
    <category>moon</category>
    <name>Moon 19 of Planet 6</name>
  </SerializedPlanet>
</Planets>
<Cameras>
  <SerializedCamera>
    <cam_x>1.68964967886</cam_x>
    <cam_z>-5.98798270843</cam_z>
    <cam_y>4.17268698825e-05</cam_y>
    <dir_x>0.347250462116</dir_x>
    <dir_z>-0.695733705518</dir_z>
    <dir_y>-0.628785915527</dir_y>
    <up_x>-0.340976722597</up_x>
    <up_z>-0.0591238708735</up_z>
    <up_y>0.938210660001</up_y>
    <fov>70</fov>
    <time>21.3818548536</time>
    <frame>0</frame>
  </SerializedCamera>
</Cameras>
</SerializedWorld>