<?xml version="1.0" encoding="utf-8"?>
<SerializedWorld xmlns:xsi="http://www.w3.org/2001/XMLSchema-instance"
 xmlns:xsd="http://www.w3.org/2001/XMLSchema">
<sun_col_r>0.863</sun_col_r>
<sun_col_g>0.899</sun_col_g>
<sun_col_b>1.000</sun_col_b>
<sun_intensity>0.100</sun_intensity>
<screenshot_width>900</screenshot_width>
<screenshot_height>900</screenshot_height>
<global_radius_scale>0.985</global_radius_scale>
<resolution>048</resolution>
<skybox>000</skybox>
<Planets>
  <SerializedPlanet>
    <pos_x>0</pos_x>
    <pos_z>0</pos_z>
    <pos_y>0</pos_y>
    <rotation>0</rotation>
    <radius>100000</radius>
    <temperature>8076.72704829</temperature>
    <seed>87464990</seed>
    <col_x>0.863169094369</col_x>
    <col_y>0.898575943732</col_y>
    <col_z>1.0</col_z>
    <atmosphereDensity>10</atmosphereDensity>
    <atmosphereHeight>1.025</atmosphereHeight>
    <outerRadiusScale>1.0025</outerRadiusScale>
    <name>The star</name>
    <category>star</category>
  </SerializedPlanet>
  <SerializedPlanet>
    <radius>5781.49244214</radius>
    <pos_x>-2.19856478884</pos_x>
    <pos_z>-1.67657079153</pos_z>
    <pos_y>0</pos_y>
    <rotation>-40675.7750862</rotation>
    <temperature>323.186450768</temperature>
    <seed>87464000</seed>
    <atmosphereDensity>0.0370199045869</atmosphereDensity>
    <atmosphereHeight>1.025</atmosphereHeight>
    <outerRadiusScale>1.0025</outerRadiusScale>
    <category>planet</category>
    <name>Planet 0</name>
  </SerializedPlanet>
  <SerializedPlanet>
    <pos_x>-2.19869036757</pos_x>
    <pos_z>-1.6761668384</pos_z>
    <pos_y>6.08077851533e-06</pos_y>
    <rotation>-40705.359334</rotation>
    <radius>1543.92542406</radius>
    <temperature>323.186450768</temperature>
    <seed>87464010</seed>
    <atmosphereDensity>0</atmosphereDensity>
    <atmosphereHeight>0</atmosphereHeight>
    <outerRadiusScale>1.0025</outerRadiusScale>
    <category>moon</category>
    <name>Moon 1 of Planet 0</name>
  </SerializedPlanet>
  <SerializedPlanet>
    <pos_x>-2.19720746727</pos_x>
    <pos_z>-1.67596657634</pos_z>
    <pos_y>-6.57242781455e-05</pos_y>
    <rotation>-6280.24581662</rotation>
    <radius>885.905988235</radius>
    <temperature>323.186450768</temperature>
    <seed>87464020</seed>
    <atmosphereDensity>0</atmosphereDensity>
    <atmosphereHeight>0</atmosphereHeight>
    <outerRadiusScale>1.0025</outerRadiusScale>
    <category>moon</category>
    <name>Moon 2 of Planet 0</name>
  </SerializedPlanet>
  <SerializedPlanet>
    <radius>4013.99448043</radius>
    <pos_x>3.39204309064</pos_x>
    <pos_z>0.818414862269</pos_z>
    <pos_y>0</pos_y>
    <rotation>-31839.9452034</rotation>
    <temperature>293.544986882</temperature>
    <seed>87464001</seed>
    <atmosphereDensity>0.214778705713</atmosphereDensity>
    <atmosphereHeight>1.025</atmosphereHeight>
    <outerRadiusScale>1.0025</outerRadiusScale>
    <category>planet</category>
    <name>Planet 1</name>
  </SerializedPlanet>
  <SerializedPlanet>
    <radius>88725.8653062</radius>
    <pos_x>-2.70514426349</pos_x>
    <pos_z>-12.5566915338</pos_z>
    <pos_y>0</pos_y>
    <rotation>-125297.398553</rotation>
    <temperature>151.530603596</temperature>
    <seed>87464002</seed>
    <atmosphereDensity>0.933310072327</atmosphereDensity>
    <atmosphereHeight>1.025</atmosphereHeight>
    <outerRadiusScale>1.0025</outerRadiusScale>
    <category>planet</category>
    <name>Planet 2</name>
  </SerializedPlanet>
  <SerializedPlanet>
    <pos_x>-2.7091457967</pos_x>
    <pos_z>-12.5871660035</pos_z>
    <pos_y>-0.000315906169838</pos_y>
    <rotation>-2310.2992027</rotation>
    <radius>3384.13603106</radius>
    <temperature>151.530603596</temperature>
    <seed>87464012</seed>
    <atmosphereDensity>0</atmosphereDensity>
    <atmosphereHeight>0</atmosphereHeight>
    <outerRadiusScale>1.0025</outerRadiusScale>
    <category>moon</category>
    <name>Moon 1 of Planet 2</name>
  </SerializedPlanet>
  <SerializedPlanet>
    <pos_x>-2.66631841914</pos_x>
    <pos_z>-12.5363577635</pos_z>
    <pos_y>0.00306515606643</pos_y>
    <rotation>-1325.4463505</rotation>
    <radius>814.836047479</radius>
    <temperature>151.530603596</temperature>
    <seed>87464022</seed>
    <atmosphereDensity>0</atmosphereDensity>
    <atmosphereHeight>0</atmosphereHeight>
    <outerRadiusScale>1.0025</outerRadiusScale>
    <category>moon</category>
    <name>Moon 2 of Planet 2</name>
  </SerializedPlanet>
  <SerializedPlanet>
    <pos_x>-2.72994883494</pos_x>
    <pos_z>-12.5565597021</pos_z>
    <pos_y>-0.00195822869843</pos_y>
    <rotation>-3442.83620853</rotation>
    <radius>1343.77780157</radius>
    <temperature>151.530603596</temperature>
    <seed>87464032</seed>
    <atmosphereDensity>0</atmosphereDensity>
    <atmosphereHeight>0</atmosphereHeight>
    <outerRadiusScale>1.0025</outerRadiusScale>
    <category>moon</category>
    <name>Moon 3 of Planet 2</name>
  </SerializedPlanet>
  <SerializedPlanet>
    <pos_x>-2.71122921731</pos_x>
    <pos_z>-12.5646203258</pos_z>
    <pos_y>-0.000480384481458</pos_y>
    <rotation>-7443.91321635</rotation>
    <radius>3804.50342563</radius>
    <temperature>151.530603596</temperature>
    <seed>87464042</seed>
    <atmosphereDensity>0</atmosphereDensity>
    <atmosphereHeight>0</atmosphereHeight>
    <outerRadiusScale>1.0025</outerRadiusScale>
    <category>moon</category>
    <name>Moon 4 of Planet 2</name>
  </SerializedPlanet>
  <SerializedPlanet>
    <pos_x>-2.70385457051</pos_x>
    <pos_z>-12.5942238018</pos_z>
    <pos_y>0.00010181646655</pos_y>
    <rotation>-1017.21826706</rotation>
    <radius>3519.98704516</radius>
    <temperature>151.530603596</temperature>
    <seed>87464052</seed>
    <atmosphereDensity>0</atmosphereDensity>
    <atmosphereHeight>0</atmosphereHeight>
    <outerRadiusScale>1.0025</outerRadiusScale>
    <category>moon</category>
    <name>Moon 5 of Planet 2</name>
  </SerializedPlanet>
  <SerializedPlanet>
    <pos_x>-2.67415516822</pos_x>
    <pos_z>-12.577979381</pos_z>
    <pos_y>0.00244647386184</pos_y>
    <rotation>-1629.72057624</rotation>
    <radius>1216.8581824</radius>
    <temperature>151.530603596</temperature>
    <seed>87464062</seed>
    <atmosphereDensity>0</atmosphereDensity>
    <atmosphereHeight>0</atmosphereHeight>
    <outerRadiusScale>1.0025</outerRadiusScale>
    <category>moon</category>
    <name>Moon 6 of Planet 2</name>
  </SerializedPlanet>
  <SerializedPlanet>
    <pos_x>-2.70852184199</pos_x>
    <pos_z>-12.5203721384</pos_z>
    <pos_y>-0.000266647265174</pos_y>
    <rotation>-1169.31767028</rotation>
    <radius>2628.43940895</radius>
    <temperature>151.530603596</temperature>
    <seed>87464072</seed>
    <atmosphereDensity>0</atmosphereDensity>
    <atmosphereHeight>0</atmosphereHeight>
    <outerRadiusScale>1.0025</outerRadiusScale>
    <category>moon</category>
    <name>Moon 7 of Planet 2</name>
  </SerializedPlanet>
  <SerializedPlanet>
    <pos_x>-2.7126159425</pos_x>
    <pos_z>-12.6021311113</pos_z>
    <pos_y>-0.000589861279587</pos_y>
    <rotation>-1056.2270469</rotation>
    <radius>1818.79214752</radius>
    <temperature>151.530603596</temperature>
    <seed>87464082</seed>
    <atmosphereDensity>0</atmosphereDensity>
    <atmosphereHeight>0</atmosphereHeight>
    <outerRadiusScale>1.0025</outerRadiusScale>
    <category>moon</category>
    <name>Moon 8 of Planet 2</name>
  </SerializedPlanet>
  <SerializedPlanet>
    <pos_x>-2.68227029651</pos_x>
    <pos_z>-12.5691268268</pos_z>
    <pos_y>0.00180581465298</pos_y>
    <rotation>-2005.98652754</rotation>
    <radius>531.582884342</radius>
    <temperature>151.530603596</temperature>
    <seed>87464092</seed>
    <atmosphereDensity>0</atmosphereDensity>
    <atmosphereHeight>0</atmosphereHeight>
    <outerRadiusScale>1.0025</outerRadiusScale>
    <category>moon</category>
    <name>Moon 9 of Planet 2</name>
  </SerializedPlanet>
  <SerializedPlanet>
    <pos_x>-2.71356235451</pos_x>
    <pos_z>-12.5571522732</pos_z>
    <pos_y>-0.000664576989146</pos_y>
    <rotation>-12074.7833053</rotation>
    <radius>1512.85770939</radius>
    <temperature>151.530603596</temperature>
    <seed>87464102</seed>
    <atmosphereDensity>0</atmosphereDensity>
    <atmosphereHeight>0</atmosphereHeight>
    <outerRadiusScale>1.0025</outerRadiusScale>
    <category>moon</category>
    <name>Moon 10 of Planet 2</name>
  </SerializedPlanet>
  <SerializedPlanet>
    <pos_x>-2.71799426241</pos_x>
    <pos_z>-12.5013950855</pos_z>
    <pos_y>-0.00101445964137</pos_y>
    <rotation>-664.901070188</rotation>
    <radius>690.187610338</radius>
    <temperature>151.530603596</temperature>
    <seed>87464112</seed>
    <atmosphereDensity>0</atmosphereDensity>
    <atmosphereHeight>0</atmosphereHeight>
    <outerRadiusScale>1.0025</outerRadiusScale>
    <category>moon</category>
    <name>Moon 11 of Planet 2</name>
  </SerializedPlanet>
  <SerializedPlanet>
    <pos_x>-2.70039516628</pos_x>
    <pos_z>-12.5301122679</pos_z>
    <pos_y>0.000374923568807</pos_y>
    <rotation>-2361.83241989</rotation>
    <radius>2571.85962299</radius>
    <temperature>151.530603596</temperature>
    <seed>87464122</seed>
    <atmosphereDensity>0</atmosphereDensity>
    <atmosphereHeight>0</atmosphereHeight>
    <outerRadiusScale>1.0025</outerRadiusScale>
    <category>moon</category>
    <name>Moon 12 of Planet 2</name>
  </SerializedPlanet>
  <SerializedPlanet>
    <pos_x>-2.7095693772</pos_x>
    <pos_z>-12.5594993509</pos_z>
    <pos_y>-0.000349346275699</pos_y>
    <rotation>-32962.162058</rotation>
    <radius>2068.13805261</radius>
    <temperature>151.530603596</temperature>
    <seed>87464132</seed>
    <atmosphereDensity>0</atmosphereDensity>
    <atmosphereHeight>0</atmosphereHeight>
    <outerRadiusScale>1.0025</outerRadiusScale>
    <category>moon</category>
    <name>Moon 13 of Planet 2</name>
  </SerializedPlanet>
  <SerializedPlanet>
    <pos_x>-2.6951231751</pos_x>
    <pos_z>-12.5560475051</pos_z>
    <pos_y>0.000791127672291</pos_y>
    <rotation>-11484.4378239</rotation>
    <radius>1857.99346293</radius>
    <temperature>151.530603596</temperature>
    <seed>87464142</seed>
    <atmosphereDensity>0</atmosphereDensity>
    <atmosphereHeight>0</atmosphereHeight>
    <outerRadiusScale>1.0025</outerRadiusScale>
    <category>moon</category>
    <name>Moon 14 of Planet 2</name>
  </SerializedPlanet>
  <SerializedPlanet>
    <pos_x>-2.7542027375</pos_x>
    <pos_z>-12.5292789198</pos_z>
    <pos_y>-0.00387298413496</pos_y>
    <rotation>-752.313457668</rotation>
    <radius>770.64290482</radius>
    <temperature>151.530603596</temperature>
    <seed>87464152</seed>
    <atmosphereDensity>0</atmosphereDensity>
    <atmosphereHeight>0</atmosphereHeight>
    <outerRadiusScale>1.0025</outerRadiusScale>
    <category>moon</category>
    <name>Moon 15 of Planet 2</name>
  </SerializedPlanet>
  <SerializedPlanet>
    <pos_x>-2.67348080171</pos_x>
    <pos_z>-12.5718789919</pos_z>
    <pos_y>0.00249971259013</pos_y>
    <rotation>-1766.35810497</rotation>
    <radius>2797.70445771</radius>
    <temperature>151.530603596</temperature>
    <seed>87464162</seed>
    <atmosphereDensity>0</atmosphereDensity>
    <atmosphereHeight>0</atmosphereHeight>
    <outerRadiusScale>1.0025</outerRadiusScale>
    <category>moon</category>
    <name>Moon 16 of Planet 2</name>
  </SerializedPlanet>
  <SerializedPlanet>
    <pos_x>-2.75687322233</pos_x>
    <pos_z>-12.5678926597</pos_z>
    <pos_y>-0.00408380898413</pos_y>
    <rotation>-782.596630216</rotation>
    <radius>2222.30856819</radius>
    <temperature>151.530603596</temperature>
    <seed>87464172</seed>
    <atmosphereDensity>0</atmosphereDensity>
    <atmosphereHeight>0</atmosphereHeight>
    <outerRadiusScale>1.0025</outerRadiusScale>
    <category>moon</category>
    <name>Moon 17 of Planet 2</name>
  </SerializedPlanet>
  <SerializedPlanet>
    <pos_x>-2.73404418708</pos_x>
    <pos_z>-12.5518727166</pos_z>
    <pos_y>-0.00228154152381</pos_y>
    <rotation>-2062.08993076</rotation>
    <radius>1675.73775511</radius>
    <temperature>151.530603596</temperature>
    <seed>87464182</seed>
    <atmosphereDensity>0</atmosphereDensity>
    <atmosphereHeight>0</atmosphereHeight>
    <outerRadiusScale>1.0025</outerRadiusScale>
    <category>moon</category>
    <name>Moon 18 of Planet 2</name>
  </SerializedPlanet>
  <SerializedPlanet>
    <pos_x>-2.71693200505</pos_x>
    <pos_z>-12.5522746301</pos_z>
    <pos_y>-0.000930598372174</pos_y>
    <rotation>-7601.58800025</rotation>
    <radius>3635.02329496</radius>
    <temperature>151.530603596</temperature>
    <seed>87464192</seed>
    <atmosphereDensity>0</atmosphereDensity>
    <atmosphereHeight>0</atmosphereHeight>
    <outerRadiusScale>1.0025</outerRadiusScale>
    <category>moon</category>
    <name>Moon 19 of Planet 2</name>
  </SerializedPlanet>
  <SerializedPlanet>
    <pos_x>-2.66271232978</pos_x>
    <pos_z>-12.5700839446</pos_z>
    <pos_y>0.00334984341478</pos_y>
    <rotation>-1347.89911022</rotation>
    <radius>2737.97722897</radius>
    <temperature>151.530603596</temperature>
    <seed>87464202</seed>
    <atmosphereDensity>0</atmosphereDensity>
    <atmosphereHeight>0</atmosphereHeight>
    <outerRadiusScale>1.0025</outerRadiusScale>
    <category>moon</category>
    <name>Moon 20 of Planet 2</name>
  </SerializedPlanet>
  <SerializedPlanet>
    <pos_x>-2.69331939139</pos_x>
    <pos_z>-12.5531931673</pos_z>
    <pos_y>0.00093352969016</pos_y>
    <rotation>-6849.00340522</rotation>
    <radius>1738.8923623</radius>
    <temperature>151.530603596</temperature>
    <seed>87464212</seed>
    <atmosphereDensity>0</atmosphereDensity>
    <atmosphereHeight>0</atmosphereHeight>
    <outerRadiusScale>1.0025</outerRadiusScale>
    <category>moon</category>
    <name>Moon 21 of Planet 2</name>
  </SerializedPlanet>
  <SerializedPlanet>
    <pos_x>-2.72645318156</pos_x>
    <pos_z>-12.560048295</pos_z>
    <pos_y>-0.00168225986012</pos_y>
    <rotation>-3087.55702991</rotation>
    <radius>1250.61719689</radius>
    <temperature>151.530603596</temperature>
    <seed>87464222</seed>
    <atmosphereDensity>0</atmosphereDensity>
    <atmosphereHeight>0</atmosphereHeight>
    <outerRadiusScale>1.0025</outerRadiusScale>
    <category>moon</category>
    <name>Moon 22 of Planet 2</name>
  </SerializedPlanet>
  <SerializedPlanet>
    <pos_x>-2.70365778585</pos_x>
    <pos_z>-12.5652452081</pos_z>
    <pos_y>0.0001173518833</pos_y>
    <rotation>-16043.0424582</rotation>
    <radius>2140.27685621</radius>
    <temperature>151.530603596</temperature>
    <seed>87464232</seed>
    <atmosphereDensity>0</atmosphereDensity>
    <atmosphereHeight>0</atmosphereHeight>
    <outerRadiusScale>1.0025</outerRadiusScale>
    <category>moon</category>
    <name>Moon 23 of Planet 2</name>
  </SerializedPlanet>
  <SerializedPlanet>
    <pos_x>-2.73638521707</pos_x>
    <pos_z>-12.555972969</pos_z>
    <pos_y>-0.00246635713812</pos_y>
    <rotation>-1745.04473503</rotation>
    <radius>3790.88369954</radius>
    <temperature>151.530603596</temperature>
    <seed>87464242</seed>
    <atmosphereDensity>0</atmosphereDensity>
    <atmosphereHeight>0</atmosphereHeight>
    <outerRadiusScale>1.0025</outerRadiusScale>
    <category>moon</category>
    <name>Moon 24 of Planet 2</name>
  </SerializedPlanet>
  <SerializedPlanet>
    <pos_x>-2.69072141738</pos_x>
    <pos_z>-12.5511035736</pos_z>
    <pos_y>0.00113863008</pos_y>
    <rotation>-5228.76841367</rotation>
    <radius>474.910241531</radius>
    <temperature>151.530603596</temperature>
    <seed>87464252</seed>
    <atmosphereDensity>0</atmosphereDensity>
    <atmosphereHeight>0</atmosphereHeight>
    <outerRadiusScale>1.0025</outerRadiusScale>
    <category>moon</category>
    <name>Moon 25 of Planet 2</name>
  </SerializedPlanet>
  <SerializedPlanet>
    <pos_x>-2.7101726736</pos_x>
    <pos_z>-12.5501478812</pos_z>
    <pos_y>-0.000396974283738</pos_y>
    <rotation>-15244.2862219</rotation>
    <radius>3975.59117819</radius>
    <temperature>151.530603596</temperature>
    <seed>87464262</seed>
    <atmosphereDensity>0</atmosphereDensity>
    <atmosphereHeight>0</atmosphereHeight>
    <outerRadiusScale>1.0025</outerRadiusScale>
    <category>moon</category>
    <name>Moon 26 of Planet 2</name>
  </SerializedPlanet>
  <SerializedPlanet>
    <radius>1274.45357914</radius>
    <pos_x>-26.1997367458</pos_x>
    <pos_z>6.68917121389</pos_z>
    <pos_y>0</pos_y>
    <rotation>-1543.77479306</rotation>
    <temperature>106.630248472</temperature>
    <seed>87464003</seed>
    <atmosphereDensity>0.125316563678</atmosphereDensity>
    <atmosphereHeight>1.025</atmosphereHeight>
    <outerRadiusScale>1.0025</outerRadiusScale>
    <category>planet</category>
    <name>Planet 3</name>
  </SerializedPlanet>
  <SerializedPlanet>
    <radius>30711.7309935</radius>
    <pos_x>-0.306633188078</pos_x>
    <pos_z>-4.71221396386</pos_z>
    <pos_y>0</pos_y>
    <rotation>-79889.8051739</rotation>
    <temperature>251.010649022</temperature>
    <seed>87464004</seed>
    <atmosphereDensity>0.898922765572</atmosphereDensity>
    <atmosphereHeight>1.025</atmosphereHeight>
    <outerRadiusScale>1.0025</outerRadiusScale>
    <category>planet</category>
    <name>Planet 4</name>
  </SerializedPlanet>
  <SerializedPlanet>
    <pos_x>-0.320114556763</pos_x>
    <pos_z>-4.70607219678</pos_z>
    <pos_y>-0.00124811171912</pos_y>
    <rotation>-902.243321888</rotation>
    <radius>3756.61222994</radius>
    <temperature>251.010649022</temperature>
    <seed>87464014</seed>
    <atmosphereDensity>0</atmosphereDensity>
    <atmosphereHeight>0</atmosphereHeight>
    <outerRadiusScale>1.0025</outerRadiusScale>
    <category>moon</category>
    <name>Moon 1 of Planet 4</name>
  </SerializedPlanet>
  <SerializedPlanet>
    <pos_x>-0.305168053254</pos_x>
    <pos_z>-4.69377081501</pos_z>
    <pos_y>0.000135642899966</pos_y>
    <rotation>-945.128329281</rotation>
    <radius>2609.93313948</radius>
    <temperature>251.010649022</temperature>
    <seed>87464024</seed>
    <atmosphereDensity>0</atmosphereDensity>
    <atmosphereHeight>0</atmosphereHeight>
    <outerRadiusScale>1.0025</outerRadiusScale>
    <category>moon</category>
    <name>Moon 2 of Planet 4</name>
  </SerializedPlanet>
  <SerializedPlanet>
    <pos_x>-0.304355191548</pos_x>
    <pos_z>-4.70278394503</pos_z>
    <pos_y>0.000210898035038</pos_y>
    <rotation>-2463.96594436</rotation>
    <radius>607.731601483</radius>
    <temperature>251.010649022</temperature>
    <seed>87464034</seed>
    <atmosphereDensity>0</atmosphereDensity>
    <atmosphereHeight>0</atmosphereHeight>
    <outerRadiusScale>1.0025</outerRadiusScale>
    <category>moon</category>
    <name>Moon 3 of Planet 4</name>
  </SerializedPlanet>
  <SerializedPlanet>
    <pos_x>-0.301294483618</pos_x>
    <pos_z>-4.71023233776</pos_z>
    <pos_y>0.000494259875012</pos_y>
    <rotation>-4184.86584415</rotation>
    <radius>3571.96475105</radius>
    <temperature>251.010649022</temperature>
    <seed>87464044</seed>
    <atmosphereDensity>0</atmosphereDensity>
    <atmosphereHeight>0</atmosphereHeight>
    <outerRadiusScale>1.0025</outerRadiusScale>
    <category>moon</category>
    <name>Moon 4 of Planet 4</name>
  </SerializedPlanet>
  <SerializedPlanet>
    <pos_x>-0.31732807618</pos_x>
    <pos_z>-4.71276522326</pos_z>
    <pos_y>-0.000990137981266</pos_y>
    <rotation>-1622.64747417</rotation>
    <radius>457.679012707</radius>
    <temperature>251.010649022</temperature>
    <seed>87464054</seed>
    <atmosphereDensity>0</atmosphereDensity>
    <atmosphereHeight>0</atmosphereHeight>
    <outerRadiusScale>1.0025</outerRadiusScale>
    <category>moon</category>
    <name>Moon 5 of Planet 4</name>
  </SerializedPlanet>
  <SerializedPlanet>
    <pos_x>-0.312477266973</pos_x>
    <pos_z>-4.72086687629</pos_z>
    <pos_y>-0.000541047687827</pos_y>
    <rotation>-1913.49324425</rotation>
    <radius>1185.60285613</radius>
    <temperature>251.010649022</temperature>
    <seed>87464064</seed>
    <atmosphereDensity>0</atmosphereDensity>
    <atmosphereHeight>0</atmosphereHeight>
    <outerRadiusScale>1.0025</outerRadiusScale>
    <category>moon</category>
    <name>Moon 6 of Planet 4</name>
  </SerializedPlanet>
  <SerializedPlanet>
    <pos_x>-0.318337882589</pos_x>
    <pos_z>-4.72191053969</pos_z>
    <pos_y>-0.00108362635345</pos_y>
    <rotation>-925.339923284</rotation>
    <radius>2331.06291087</radius>
    <temperature>251.010649022</temperature>
    <seed>87464074</seed>
    <atmosphereDensity>0</atmosphereDensity>
    <atmosphereHeight>0</atmosphereHeight>
    <outerRadiusScale>1.0025</outerRadiusScale>
    <category>moon</category>
    <name>Moon 7 of Planet 4</name>
  </SerializedPlanet>
  <SerializedPlanet>
    <pos_x>-0.308628224721</pos_x>
    <pos_z>-4.71191958573</pos_z>
    <pos_y>-0.000184701470031</pos_y>
    <rotation>-22211.9409463</rotation>
    <radius>3710.98117882</radius>
    <temperature>251.010649022</temperature>
    <seed>87464084</seed>
    <atmosphereDensity>0</atmosphereDensity>
    <atmosphereHeight>0</atmosphereHeight>
    <outerRadiusScale>1.0025</outerRadiusScale>
    <category>moon</category>
    <name>Moon 8 of Planet 4</name>
  </SerializedPlanet>
  <SerializedPlanet>
    <radius>3407.2882425</radius>
    <pos_x>1.6899583038</pos_x>
    <pos_z>-5.98789731096</pos_z>
    <pos_y>0</pos_y>
    <rotation>-1328.84202391</rotation>
    <temperature>219.223558506</temperature>
    <seed>87464005</seed>
    <atmosphereDensity>0.0701098125332</atmosphereDensity>
    <atmosphereHeight>1.025</atmosphereHeight>
    <outerRadiusScale>1.0025</outerRadiusScale>
    <category>planet</category>
    <name>Planet 5</name>
  </SerializedPlanet>
  <SerializedPlanet>
    <pos_x>1.68909273618</pos_x>
    <pos_z>-5.98816008976</pos_z>
    <pos_y>3.39904357284e-05</pos_y>
    <rotation>-3338.51540618</rotation>
    <radius>1108.28371815</radius>
    <temperature>219.223558506</temperature>
    <seed>87464015</seed>
    <atmosphereDensity>0</atmosphereDensity>
    <atmosphereHeight>0</atmosphereHeight>
    <outerRadiusScale>1.0025</outerRadiusScale>
    <category>moon</category>
    <name>Moon 1 of Planet 5</name>
  </SerializedPlanet>
  <SerializedPlanet>
    <radius>92689.5697258</radius>
    <pos_x>-14.4453001392</pos_x>
    <pos_z>-16.0211145585</pos_z>
    <pos_y>0</pos_y>
    <rotation>-149646.888502</rotation>
    <temperature>123.315615973</temperature>
    <seed>87464006</seed>
    <atmosphereDensity>0.967531683859</atmosphereDensity>
    <atmosphereHeight>1.025</atmosphereHeight>
    <outerRadiusScale>1.0025</outerRadiusScale>
    <category>planet</category>
    <name>Planet 6</name>
  </SerializedPlanet>
  <SerializedPlanet>
    <pos_x>-14.3967241888</pos_x>
    <pos_z>-16.0475537635</pos_z>
    <pos_y>-0.00254599359035</pos_y>
    <rotation>-543.593466042</rotation>
    <radius>3986.53096175</radius>
    <temperature>123.315615973</temperature>
    <seed>87464016</seed>
    <atmosphereDensity>0</atmosphereDensity>
    <atmosphereHeight>0</atmosphereHeight>
    <outerRadiusScale>1.0025</outerRadiusScale>
    <category>moon</category>
    <name>Moon 1 of Planet 6</name>
  </SerializedPlanet>
  <SerializedPlanet>
    <pos_x>-14.4476303538</pos_x>
    <pos_z>-16.0136694616</pos_z>
    <pos_y>0.000122132687</pos_y>
    <rotation>-11823.4822431</rotation>
    <radius>3950.90332783</radius>
    <temperature>123.315615973</temperature>
    <seed>87464026</seed>
    <atmosphereDensity>0</atmosphereDensity>
    <atmosphereHeight>0</atmosphereHeight>
    <outerRadiusScale>1.0025</outerRadiusScale>
    <category>moon</category>
    <name>Moon 2 of Planet 6</name>
  </SerializedPlanet>
  <SerializedPlanet>
    <pos_x>-14.4687043545</pos_x>
    <pos_z>-16.0243670882</pos_z>
    <pos_y>0.00122667660729</pos_y>
    <rotation>-2803.71590811</rotation>
    <radius>602.597804167</radius>
    <temperature>123.315615973</temperature>
    <seed>87464036</seed>
    <atmosphereDensity>0</atmosphereDensity>
    <atmosphereHeight>0</atmosphereHeight>
    <outerRadiusScale>1.0025</outerRadiusScale>
    <category>moon</category>
    <name>Moon 3 of Planet 6</name>
  </SerializedPlanet>
  <SerializedPlanet>
    <pos_x>-14.401574904</pos_x>
    <pos_z>-15.9939457022</pos_z>
    <pos_y>-0.00229175481992</pos_y>
    <rotation>-606.901446596</rotation>
    <radius>2099.76341927</radius>
    <temperature>123.315615973</temperature>
    <seed>87464046</seed>
    <atmosphereDensity>0</atmosphereDensity>
    <atmosphereHeight>0</atmosphereHeight>
    <outerRadiusScale>1.0025</outerRadiusScale>
    <category>moon</category>
    <name>Moon 4 of Planet 6</name>
  </SerializedPlanet>
  <SerializedPlanet>
    <pos_x>-14.4520466604</pos_x>
    <pos_z>-16.0729706522</pos_z>
    <pos_y>0.000353602956757</pos_y>
    <rotation>-694.950186752</rotation>
    <radius>3328.00595575</radius>
    <temperature>123.315615973</temperature>
    <seed>87464056</seed>
    <atmosphereDensity>0</atmosphereDensity>
    <atmosphereHeight>0</atmosphereHeight>
    <outerRadiusScale>1.0025</outerRadiusScale>
    <category>moon</category>
    <name>Moon 5 of Planet 6</name>
  </SerializedPlanet>
  <SerializedPlanet>
    <pos_x>-14.4469047838</pos_x>
    <pos_z>-16.0153772708</pos_z>
    <pos_y>8.41036525736e-05</pos_y>
    <rotation>-25366.734666</rotation>
    <radius>1407.10343692</radius>
    <temperature>123.315615973</temperature>
    <seed>87464066</seed>
    <atmosphereDensity>0</atmosphereDensity>
    <atmosphereHeight>0</atmosphereHeight>
    <outerRadiusScale>1.0025</outerRadiusScale>
    <category>moon</category>
    <name>Moon 6 of Planet 6</name>
  </SerializedPlanet>
  <SerializedPlanet>
    <pos_x>-14.4427902228</pos_x>
    <pos_z>-16.0227426157</pos_z>
    <pos_y>-0.000131551333793</pos_y>
    <rotation>-43642.917982</rotation>
    <radius>3867.23359918</radius>
    <temperature>123.315615973</temperature>
    <seed>87464076</seed>
    <atmosphereDensity>0</atmosphereDensity>
    <atmosphereHeight>0</atmosphereHeight>
    <outerRadiusScale>1.0025</outerRadiusScale>
    <category>moon</category>
    <name>Moon 7 of Planet 6</name>
  </SerializedPlanet>
  <SerializedPlanet>
    <pos_x>-14.4260240776</pos_x>
    <pos_z>-16.0076170756</pos_z>
    <pos_y>-0.00101030919591</pos_y>
    <rotation>-3395.62251023</rotation>
    <radius>3438.21541974</radius>
    <temperature>123.315615973</temperature>
    <seed>87464086</seed>
    <atmosphereDensity>0</atmosphereDensity>
    <atmosphereHeight>0</atmosphereHeight>
    <outerRadiusScale>1.0025</outerRadiusScale>
    <category>moon</category>
    <name>Moon 8 of Planet 6</name>
  </SerializedPlanet>
  <SerializedPlanet>
    <pos_x>-14.4910904321</pos_x>
    <pos_z>-15.9978648003</pos_z>
    <pos_y>0.00239998993686</pos_y>
    <rotation>-773.122702494</rotation>
    <radius>3440.42407258</radius>
    <temperature>123.315615973</temperature>
    <seed>87464096</seed>
    <atmosphereDensity>0</atmosphereDensity>
    <atmosphereHeight>0</atmosphereHeight>
    <outerRadiusScale>1.0025</outerRadiusScale>
    <category>moon</category>
    <name>Moon 9 of Planet 6</name>
  </SerializedPlanet>
  <SerializedPlanet>
    <pos_x>-14.4127197444</pos_x>
    <pos_z>-16.0429418234</pos_z>
    <pos_y>-0.00170762436331</pos_y>
    <rotation>-1065.06974942</rotation>
    <radius>1664.06887393</radius>
    <temperature>123.315615973</temperature>
    <seed>87464106</seed>
    <atmosphereDensity>0</atmosphereDensity>
    <atmosphereHeight>0</atmosphereHeight>
    <outerRadiusScale>1.0025</outerRadiusScale>
    <category>moon</category>
    <name>Moon 10 of Planet 6</name>
  </SerializedPlanet>
  <SerializedPlanet>
    <pos_x>-14.46536317</pos_x>
    <pos_z>-16.00150655</pos_z>
    <pos_y>0.00105155632542</pos_y>
    <rotation>-2737.00505012</rotation>
    <radius>1272.02380697</radius>
    <temperature>123.315615973</temperature>
    <seed>87464116</seed>
    <atmosphereDensity>0</atmosphereDensity>
    <atmosphereHeight>0</atmosphereHeight>
    <outerRadiusScale>1.0025</outerRadiusScale>
    <category>moon</category>
    <name>Moon 11 of Planet 6</name>
  </SerializedPlanet>
  <SerializedPlanet>
    <pos_x>-14.3951810023</pos_x>
    <pos_z>-16.024200147</pos_z>
    <pos_y>-0.00262687606272</pos_y>
    <rotation>-1188.82835733</rotation>
    <radius>2664.63345002</radius>
    <temperature>123.315615973</temperature>
    <seed>87464126</seed>
    <atmosphereDensity>0</atmosphereDensity>
    <atmosphereHeight>0</atmosphereHeight>
    <outerRadiusScale>1.0025</outerRadiusScale>
    <category>moon</category>
    <name>Moon 12 of Planet 6</name>
  </SerializedPlanet>
  <SerializedPlanet>
    <pos_x>-14.4196086605</pos_x>
    <pos_z>-16.0060475444</pos_z>
    <pos_y>-0.00134655811229</pos_y>
    <rotation>-2330.55402064</rotation>
    <radius>2275.89036316</radius>
    <temperature>123.315615973</temperature>
    <seed>87464136</seed>
    <atmosphereDensity>0</atmosphereDensity>
    <atmosphereHeight>0</atmosphereHeight>
    <outerRadiusScale>1.0025</outerRadiusScale>
    <category>moon</category>
    <name>Moon 13 of Planet 6</name>
  </SerializedPlanet>
  <SerializedPlanet>
    <pos_x>-14.4526611805</pos_x>
    <pos_z>-16.0318849942</pos_z>
    <pos_y>0.000385811575418</pos_y>
    <rotation>-7228.33668122</rotation>
    <radius>1569.22957264</radius>
    <temperature>123.315615973</temperature>
    <seed>87464146</seed>
    <atmosphereDensity>0</atmosphereDensity>
    <atmosphereHeight>0</atmosphereHeight>
    <outerRadiusScale>1.0025</outerRadiusScale>
    <category>moon</category>
    <name>Moon 14 of Planet 6</name>
  </SerializedPlanet>
  <SerializedPlanet>
    <pos_x>-14.4409689471</pos_x>
    <pos_z>-16.0583929092</pos_z>
    <pos_y>-0.000227009191177</pos_y>
    <rotation>-1435.31821252</rotation>
    <radius>1522.60992469</radius>
    <temperature>123.315615973</temperature>
    <seed>87464156</seed>
    <atmosphereDensity>0</atmosphereDensity>
    <atmosphereHeight>0</atmosphereHeight>
    <outerRadiusScale>1.0025</outerRadiusScale>
    <category>moon</category>
    <name>Moon 15 of Planet 6</name>
  </SerializedPlanet>
  <SerializedPlanet>
    <pos_x>-14.4337382671</pos_x>
    <pos_z>-15.999654393</pos_z>
    <pos_y>-0.000605988189152</pos_y>
    <rotation>-1851.08116377</rotation>
    <radius>2114.1144713</radius>
    <temperature>123.315615973</temperature>
    <seed>87464166</seed>
    <atmosphereDensity>0</atmosphereDensity>
    <atmosphereHeight>0</atmosphereHeight>
    <outerRadiusScale>1.0025</outerRadiusScale>
    <category>moon</category>
    <name>Moon 16 of Planet 6</name>
  </SerializedPlanet>
  <SerializedPlanet>
    <pos_x>-14.4155356459</pos_x>
    <pos_z>-16.04470788</pos_z>
    <pos_y>-0.00156003554257</pos_y>
    <rotation>-1056.2406759</rotation>
    <radius>2728.87018232</radius>
    <temperature>123.315615973</temperature>
    <seed>87464176</seed>
    <atmosphereDensity>0</atmosphereDensity>
    <atmosphereHeight>0</atmosphereHeight>
    <outerRadiusScale>1.0025</outerRadiusScale>
    <category>moon</category>
    <name>Moon 17 of Planet 6</name>
  </SerializedPlanet>
  <SerializedPlanet>
    <pos_x>-14.4521045609</pos_x>
    <pos_z>-15.9810820408</pos_z>
    <pos_y>0.00035663767734</pos_y>
    <rotation>-1406.30163789</rotation>
    <radius>1388.96945864</radius>
    <temperature>123.315615973</temperature>
    <seed>87464186</seed>
    <atmosphereDensity>0</atmosphereDensity>
    <atmosphereHeight>0</atmosphereHeight>
    <outerRadiusScale>1.0025</outerRadiusScale>
    <category>moon</category>
    <name>Moon 18 of Planet 6</name>
  </SerializedPlanet>
  <SerializedPlanet>
    <pos_x>-14.4397532363</pos_x>
    <pos_z>-16.0624032857</pos_z>
    <pos_y>-0.000290727800495</pos_y>
    <rotation>-1371.36550226</rotation>
    <radius>2223.63780124</radius>
    <temperature>123.315615973</temperature>
    <seed>87464196</seed>
    <atmosphereDensity>0</atmosphereDensity>
    <atmosphereHeight>0</atmosphereHeight>
    <outerRadiusScale>1.0025</outerRadiusScale>
    <category>moon</category>
    <name>Moon 19 of Planet 6</name>
  </SerializedPlanet>
</Planets>
<Cameras>
  <SerializedCamera>
    <cam_x>1.68999184629</cam_x>
    <cam_z>-5.98789148011</cam_z>
    <cam_y>2.81818142298e-05</cam_y>
    <dir_x>-0.28096753074</dir_x>
    <dir_z>-0.173866958087</dir_z>
    <dir_y>-0.943836600029</dir_y>
    <up_x>0.758041433745</up_x>
    <up_z>0.131441065842</up_z>
    <up_y>0.63882425669</up_y>
    <fov>70</fov>
    <time>21.3819504548</time>
    <frame>0</frame>
  </SerializedCamera>
</Cameras>
</SerializedWorld>