<?xml version="1.0" encoding="utf-8"?>
<SerializedWorld xmlns:xsi="http://www.w3.org/2001/XMLSchema-instance"
 xmlns:xsd="http://www.w3.org/2001/XMLSchema">
<sun_col_r>0.863</sun_col_r>
<sun_col_g>0.899</sun_col_g>
<sun_col_b>1.000</sun_col_b>
<sun_intensity>0.100</sun_intensity>
<screenshot_width>900</screenshot_width>
<screenshot_height>900</screenshot_height>
<global_radius_scale>0.985</global_radius_scale>
<resolution>048</resolution>
<skybox>000</skybox>
<Planets>
  <SerializedPlanet>
    <pos_x>0</pos_x>
    <pos_z>0</pos_z>
    <pos_y>0</pos_y>
    <rotation>0</rotation>
    <radius>100000</radius>
    <temperature>8076.72704829</temperature>
    <seed>87464990</seed>
    <col_x>0.863169094369</col_x>
    <col_y>0.898575943732</col_y>
    <col_z>1.0</col_z>
    <atmosphereDensity>10</atmosphereDensity>
    <atmosphereHeight>1.025</atmosphereHeight>
    <outerRadiusScale>1.0025</outerRadiusScale>
    <name>The star</name>
    <category>star</category>
  </SerializedPlanet>
  <SerializedPlanet>
    <radius>5781.49244214</radius>
    <pos_x>-2.19870126631</pos_x>
    <pos_z>-1.676382462</pos_z>
    <pos_y>0</pos_y>
    <rotation>-40675.6841534</rotation>
    <temperature>323.186450768</temperature>
    <seed>87464000</seed>
    <atmosphereDensity>0.0370199045869</atmosphereDensity>
    <atmosphereHeight>1.025</atmosphereHeight>
    <outerRadiusScale>1.0025</outerRadiusScale>
    <category>planet</category>
    <name>Planet 0</name>
  </SerializedPlanet>
  <SerializedPlanet>
    <pos_x>-2.19880613679</pos_x>
    <pos_z>-1.67597264457</pos_z>
    <pos_y>5.07804265743e-06</pos_y>
    <rotation>-40705.2683456</rotation>
    <radius>1543.92542406</radius>
    <temperature>323.186450768</temperature>
    <seed>87464010</seed>
    <atmosphereDensity>0</atmosphereDensity>
    <atmosphereHeight>0</atmosphereHeight>
    <outerRadiusScale>1.0025</outerRadiusScale>
    <category>moon</category>
    <name>Moon 1 of Planet 0</name>
  </SerializedPlanet>
  <SerializedPlanet>
    <pos_x>-2.19733931441</pos_x>
    <pos_z>-1.67578875766</pos_z>
    <pos_y>-6.59484884721e-05</pos_y>
    <rotation>-6280.2317867</rotation>
    <radius>885.905988235</radius>
    <temperature>323.186450768</temperature>
    <seed>87464020</seed>
    <atmosphereDensity>0</atmosphereDensity>
    <atmosphereHeight>0</atmosphereHeight>
    <outerRadiusScale>1.0025</outerRadiusScale>
    <category>moon</category>
    <name>Moon 2 of Planet 0</name>
  </SerializedPlanet>
  <SerializedPlanet>
    <radius>4013.99448043</radius>
    <pos_x>3.39209093606</pos_x>
    <pos_z>0.818217570063</pos_z>
    <pos_y>0</pos_y>
    <rotation>-31839.8740238</rotation>
    <temperature>293.544986882</temperature>
    <seed>87464001</seed>
    <atmosphereDensity>0.214778705713</atmosphereDensity>
    <atmosphereHeight>1.025</atmosphereHeight>
    <outerRadiusScale>1.0025</outerRadiusScale>
    <category>planet</category>
    <name>Planet 1</name>
  </SerializedPlanet>
  <SerializedPlanet>
    <radius>88725.8653062</radius>
    <pos_x>-2.70524882729</pos_x>
    <pos_z>-12.5566696549</pos_z>
    <pos_y>0</pos_y>
    <rotation>-125297.118444</rotation>
    <temperature>151.530603596</temperature>
    <seed>87464002</seed>
    <atmosphereDensity>0.933310072327</atmosphereDensity>
    <atmosphereHeight>1.025</atmosphereHeight>
    <outerRadiusScale>1.0025</outerRadiusScale>
    <category>planet</category>
    <name>Planet 2</name>
  </SerializedPlanet>
  <SerializedPlanet>
    <pos_x>-2.7093374977</pos_x>
    <pos_z>-12.587132556</pos_z>
    <pos_y>-0.000322785327752</pos_y>
    <rotation>-2310.29403967</rotation>
    <radius>3384.13603106</radius>
    <temperature>151.530603596</temperature>
    <seed>87464012</seed>
    <atmosphereDensity>0</atmosphereDensity>
    <atmosphereHeight>0</atmosphereHeight>
    <outerRadiusScale>1.0025</outerRadiusScale>
    <category>moon</category>
    <name>Moon 1 of Planet 2</name>
  </SerializedPlanet>
  <SerializedPlanet>
    <pos_x>-2.66638888621</pos_x>
    <pos_z>-12.5364011231</pos_z>
    <pos_y>0.0030678478764</pos_y>
    <rotation>-1325.44339449</rotation>
    <radius>814.836047479</radius>
    <temperature>151.530603596</temperature>
    <seed>87464022</seed>
    <atmosphereDensity>0</atmosphereDensity>
    <atmosphereHeight>0</atmosphereHeight>
    <outerRadiusScale>1.0025</outerRadiusScale>
    <category>moon</category>
    <name>Moon 2 of Planet 2</name>
  </SerializedPlanet>
  <SerializedPlanet>
    <pos_x>-2.73005268572</pos_x>
    <pos_z>-12.5564399776</pos_z>
    <pos_y>-0.00195817240773</pos_y>
    <rotation>-3442.82852122</rotation>
    <radius>1343.77780157</radius>
    <temperature>151.530603596</temperature>
    <seed>87464032</seed>
    <atmosphereDensity>0</atmosphereDensity>
    <atmosphereHeight>0</atmosphereHeight>
    <outerRadiusScale>1.0025</outerRadiusScale>
    <category>moon</category>
    <name>Moon 3 of Planet 2</name>
  </SerializedPlanet>
  <SerializedPlanet>
    <pos_x>-2.71145533936</pos_x>
    <pos_z>-12.5645036586</pos_z>
    <pos_y>-0.000489981053515</pos_y>
    <rotation>-7443.89658396</rotation>
    <radius>3804.50342563</radius>
    <temperature>151.530603596</temperature>
    <seed>87464042</seed>
    <atmosphereDensity>0</atmosphereDensity>
    <atmosphereHeight>0</atmosphereHeight>
    <outerRadiusScale>1.0025</outerRadiusScale>
    <category>moon</category>
    <name>Moon 4 of Planet 2</name>
  </SerializedPlanet>
  <SerializedPlanet>
    <pos_x>-2.70403861298</pos_x>
    <pos_z>-12.5942045697</pos_z>
    <pos_y>9.55419203396e-05</pos_y>
    <rotation>-1017.21599306</rotation>
    <radius>3519.98704516</radius>
    <temperature>151.530603596</temperature>
    <seed>87464052</seed>
    <atmosphereDensity>0</atmosphereDensity>
    <atmosphereHeight>0</atmosphereHeight>
    <outerRadiusScale>1.0025</outerRadiusScale>
    <category>moon</category>
    <name>Moon 5 of Planet 2</name>
  </SerializedPlanet>
  <SerializedPlanet>
    <pos_x>-2.67430480331</pos_x>
    <pos_z>-12.5780229648</pos_z>
    <pos_y>0.00244291565062</pos_y>
    <rotation>-1629.71693859</rotation>
    <radius>1216.8581824</radius>
    <temperature>151.530603596</temperature>
    <seed>87464062</seed>
    <atmosphereDensity>0</atmosphereDensity>
    <atmosphereHeight>0</atmosphereHeight>
    <outerRadiusScale>1.0025</outerRadiusScale>
    <category>moon</category>
    <name>Moon 6 of Planet 2</name>
  </SerializedPlanet>
  <SerializedPlanet>
    <pos_x>-2.70854605464</pos_x>
    <pos_z>-12.5203428767</pos_z>
    <pos_y>-0.000260303840415</pos_y>
    <rotation>-1169.31506713</rotation>
    <radius>2628.43940895</radius>
    <temperature>151.530603596</temperature>
    <seed>87464072</seed>
    <atmosphereDensity>0</atmosphereDensity>
    <atmosphereHeight>0</atmosphereHeight>
    <outerRadiusScale>1.0025</outerRadiusScale>
    <category>moon</category>
    <name>Moon 7 of Planet 2</name>
  </SerializedPlanet>
  <SerializedPlanet>
    <pos_x>-2.71279135945</pos_x>
    <pos_z>-12.6020975252</pos_z>
    <pos_y>-0.000595454872637</pos_y>
    <rotation>-1056.22469549</rotation>
    <radius>1818.79214752</radius>
    <temperature>151.530603596</temperature>
    <seed>87464082</seed>
    <atmosphereDensity>0</atmosphereDensity>
    <atmosphereHeight>0</atmosphereHeight>
    <outerRadiusScale>1.0025</outerRadiusScale>
    <category>moon</category>
    <name>Moon 8 of Planet 2</name>
  </SerializedPlanet>
  <SerializedPlanet>
    <pos_x>-2.68242063098</pos_x>
    <pos_z>-12.5691887735</pos_z>
    <pos_y>0.00180220122915</pos_y>
    <rotation>-2005.98205375</rotation>
    <radius>531.582884342</radius>
    <temperature>151.530603596</temperature>
    <seed>87464092</seed>
    <atmosphereDensity>0</atmosphereDensity>
    <atmosphereHeight>0</atmosphereHeight>
    <outerRadiusScale>1.0025</outerRadiusScale>
    <category>moon</category>
    <name>Moon 9 of Planet 2</name>
  </SerializedPlanet>
  <SerializedPlanet>
    <pos_x>-2.71367442199</pos_x>
    <pos_z>-12.5569627269</pos_z>
    <pos_y>-0.00066516937668</pos_y>
    <rotation>-12074.7563144</rotation>
    <radius>1512.85770939</radius>
    <temperature>151.530603596</temperature>
    <seed>87464102</seed>
    <atmosphereDensity>0</atmosphereDensity>
    <atmosphereHeight>0</atmosphereHeight>
    <outerRadiusScale>1.0025</outerRadiusScale>
    <category>moon</category>
    <name>Moon 10 of Planet 2</name>
  </SerializedPlanet>
  <SerializedPlanet>
    <pos_x>-2.71803581765</pos_x>
    <pos_z>-12.5013586022</pos_z>
    <pos_y>-0.00100948534966</pos_y>
    <rotation>-664.899586228</rotation>
    <radius>690.187610338</radius>
    <temperature>151.530603596</temperature>
    <seed>87464112</seed>
    <atmosphereDensity>0</atmosphereDensity>
    <atmosphereHeight>0</atmosphereHeight>
    <outerRadiusScale>1.0025</outerRadiusScale>
    <category>moon</category>
    <name>Moon 11 of Planet 2</name>
  </SerializedPlanet>
  <SerializedPlanet>
    <pos_x>-2.700407435</pos_x>
    <pos_z>-12.5301070455</pos_z>
    <pos_y>0.000382209922438</pos_y>
    <rotation>-2361.82715298</rotation>
    <radius>2571.85962299</radius>
    <temperature>151.530603596</temperature>
    <seed>87464122</seed>
    <atmosphereDensity>0</atmosphereDensity>
    <atmosphereHeight>0</atmosphereHeight>
    <outerRadiusScale>1.0025</outerRadiusScale>
    <category>moon</category>
    <name>Moon 12 of Planet 2</name>
  </SerializedPlanet>
  <SerializedPlanet>
    <pos_x>-2.70978431096</pos_x>
    <pos_z>-12.5592954607</pos_z>
    <pos_y>-0.000358059573971</pos_y>
    <rotation>-32962.0883805</rotation>
    <radius>2068.13805261</radius>
    <temperature>151.530603596</temperature>
    <seed>87464132</seed>
    <atmosphereDensity>0</atmosphereDensity>
    <atmosphereHeight>0</atmosphereHeight>
    <outerRadiusScale>1.0025</outerRadiusScale>
    <category>moon</category>
    <name>Moon 13 of Planet 2</name>
  </SerializedPlanet>
  <SerializedPlanet>
    <pos_x>-2.69521905136</pos_x>
    <pos_z>-12.5561791652</pos_z>
    <pos_y>0.000791813521769</pos_y>
    <rotation>-11484.4121599</rotation>
    <radius>1857.99346293</radius>
    <temperature>151.530603596</temperature>
    <seed>87464142</seed>
    <atmosphereDensity>0</atmosphereDensity>
    <atmosphereHeight>0</atmosphereHeight>
    <outerRadiusScale>1.0025</outerRadiusScale>
    <category>moon</category>
    <name>Moon 14 of Planet 2</name>
  </SerializedPlanet>
  <SerializedPlanet>
    <pos_x>-2.75427555863</pos_x>
    <pos_z>-12.5292003103</pos_z>
    <pos_y>-0.00387047816954</pos_y>
    <rotation>-752.311776757</rotation>
    <radius>770.64290482</radius>
    <temperature>151.530603596</temperature>
    <seed>87464152</seed>
    <atmosphereDensity>0</atmosphereDensity>
    <atmosphereHeight>0</atmosphereHeight>
    <outerRadiusScale>1.0025</outerRadiusScale>
    <category>moon</category>
    <name>Moon 15 of Planet 2</name>
  </SerializedPlanet>
  <SerializedPlanet>
    <pos_x>-2.67362101731</pos_x>
    <pos_z>-12.5719312188</pos_z>
    <pos_y>0.00249689801311</pos_y>
    <rotation>-1766.35415919</rotation>
    <radius>2797.70445771</radius>
    <temperature>151.530603596</temperature>
    <seed>87464162</seed>
    <atmosphereDensity>0</atmosphereDensity>
    <atmosphereHeight>0</atmosphereHeight>
    <outerRadiusScale>1.0025</outerRadiusScale>
    <category>moon</category>
    <name>Moon 16 of Planet 2</name>
  </SerializedPlanet>
  <SerializedPlanet>
    <pos_x>-2.75699192084</pos_x>
    <pos_z>-12.5678053037</pos_z>
    <pos_y>-0.0040849248669</pos_y>
    <rotation>-782.594886755</rotation>
    <radius>2222.30856819</radius>
    <temperature>151.530603596</temperature>
    <seed>87464172</seed>
    <atmosphereDensity>0</atmosphereDensity>
    <atmosphereHeight>0</atmosphereHeight>
    <outerRadiusScale>1.0025</outerRadiusScale>
    <category>moon</category>
    <name>Moon 17 of Planet 2</name>
  </SerializedPlanet>
  <SerializedPlanet>
    <pos_x>-2.73413380684</pos_x>
    <pos_z>-12.5517620548</pos_z>
    <pos_y>-0.00228036174795</pos_y>
    <rotation>-2062.08533079</rotation>
    <radius>1675.73775511</radius>
    <temperature>151.530603596</temperature>
    <seed>87464182</seed>
    <atmosphereDensity>0</atmosphereDensity>
    <atmosphereHeight>0</atmosphereHeight>
    <outerRadiusScale>1.0025</outerRadiusScale>
    <category>moon</category>
    <name>Moon 18 of Planet 2</name>
  </SerializedPlanet>
  <SerializedPlanet>
    <pos_x>-2.71698767327</pos_x>
    <pos_z>-12.5521243954</pos_z>
    <pos_y>-0.00092673824799</pos_y>
    <rotation>-7601.57101531</rotation>
    <radius>3635.02329496</radius>
    <temperature>151.530603596</temperature>
    <seed>87464192</seed>
    <atmosphereDensity>0</atmosphereDensity>
    <atmosphereHeight>0</atmosphereHeight>
    <outerRadiusScale>1.0025</outerRadiusScale>
    <category>moon</category>
    <name>Moon 19 of Planet 2</name>
  </SerializedPlanet>
  <SerializedPlanet>
    <pos_x>-2.66283894002</pos_x>
    <pos_z>-12.5701317174</pos_z>
    <pos_y>0.00334810293033</pos_y>
    <rotation>-1347.89609774</rotation>
    <radius>2737.97722897</radius>
    <temperature>151.530603596</temperature>
    <seed>87464202</seed>
    <atmosphereDensity>0</atmosphereDensity>
    <atmosphereHeight>0</atmosphereHeight>
    <outerRadiusScale>1.0025</outerRadiusScale>
    <category>moon</category>
    <name>Moon 20 of Planet 2</name>
  </SerializedPlanet>
  <SerializedPlanet>
    <pos_x>-2.69338533505</pos_x>
    <pos_z>-12.5533045813</pos_z>
    <pos_y>0.000936578607226</pos_y>
    <rotation>-6848.98810599</rotation>
    <radius>1738.8923623</radius>
    <temperature>151.530603596</temperature>
    <seed>87464212</seed>
    <atmosphereDensity>0</atmosphereDensity>
    <atmosphereHeight>0</atmosphereHeight>
    <outerRadiusScale>1.0025</outerRadiusScale>
    <category>moon</category>
    <name>Moon 21 of Planet 2</name>
  </SerializedPlanet>
  <SerializedPlanet>
    <pos_x>-2.72657382059</pos_x>
    <pos_z>-12.5599227298</pos_z>
    <pos_y>-0.00168352893982</pos_y>
    <rotation>-3087.55013091</rotation>
    <radius>1250.61719689</radius>
    <temperature>151.530603596</temperature>
    <seed>87464222</seed>
    <atmosphereDensity>0</atmosphereDensity>
    <atmosphereHeight>0</atmosphereHeight>
    <outerRadiusScale>1.0025</outerRadiusScale>
    <category>moon</category>
    <name>Moon 22 of Planet 2</name>
  </SerializedPlanet>
  <SerializedPlanet>
    <pos_x>-2.70392555951</pos_x>
    <pos_z>-12.5652500932</pos_z>
    <pos_y>0.00010446707204</pos_y>
    <rotation>-16043.0066006</rotation>
    <radius>2140.27685621</radius>
    <temperature>151.530603596</temperature>
    <seed>87464232</seed>
    <atmosphereDensity>0</atmosphereDensity>
    <atmosphereHeight>0</atmosphereHeight>
    <outerRadiusScale>1.0025</outerRadiusScale>
    <category>moon</category>
    <name>Moon 23 of Planet 2</name>
  </SerializedPlanet>
  <SerializedPlanet>
    <pos_x>-2.73648765469</pos_x>
    <pos_z>-12.555863939</pos_z>
    <pos_y>-0.0024661892847</pos_y>
    <rotation>-1745.04084635</rotation>
    <radius>3790.88369954</radius>
    <temperature>151.530603596</temperature>
    <seed>87464242</seed>
    <atmosphereDensity>0</atmosphereDensity>
    <atmosphereHeight>0</atmosphereHeight>
    <outerRadiusScale>1.0025</outerRadiusScale>
    <category>moon</category>
    <name>Moon 24 of Planet 2</name>
  </SerializedPlanet>
  <SerializedPlanet>
    <pos_x>-2.69078167883</pos_x>
    <pos_z>-12.5511974154</pos_z>
    <pos_y>0.00114212758559</pos_y>
    <rotation>-5228.7567347</rotation>
    <radius>474.910241531</radius>
    <temperature>151.530603596</temperature>
    <seed>87464252</seed>
    <atmosphereDensity>0</atmosphereDensity>
    <atmosphereHeight>0</atmosphereHeight>
    <outerRadiusScale>1.0025</outerRadiusScale>
    <category>moon</category>
    <name>Moon 25 of Planet 2</name>
  </SerializedPlanet>
  <SerializedPlanet>
    <pos_x>-2.71014167245</pos_x>
    <pos_z>-12.5500240274</pos_z>
    <pos_y>-0.000386271934439</pos_y>
    <rotation>-15244.2521552</rotation>
    <radius>3975.59117819</radius>
    <temperature>151.530603596</temperature>
    <seed>87464262</seed>
    <atmosphereDensity>0</atmosphereDensity>
    <atmosphereHeight>0</atmosphereHeight>
    <outerRadiusScale>1.0025</outerRadiusScale>
    <category>moon</category>
    <name>Moon 26 of Planet 2</name>
  </SerializedPlanet>
  <SerializedPlanet>
    <radius>1274.45357914</radius>
    <pos_x>-26.1997176158</pos_x>
    <pos_z>6.68924072022</pos_z>
    <pos_y>0</pos_y>
    <rotation>-1543.77134277</rotation>
    <temperature>106.630248472</temperature>
    <seed>87464003</seed>
    <atmosphereDensity>0.125316563678</atmosphereDensity>
    <atmosphereHeight>1.025</atmosphereHeight>
    <outerRadiusScale>1.0025</outerRadiusScale>
    <category>planet</category>
    <name>Planet 3</name>
  </SerializedPlanet>
  <SerializedPlanet>
    <radius>30711.7309935</radius>
    <pos_x>-0.306808285632</pos_x>
    <pos_z>-4.7122031207</pos_z>
    <pos_y>0</pos_y>
    <rotation>-79889.6265768</rotation>
    <temperature>251.010649022</temperature>
    <seed>87464004</seed>
    <atmosphereDensity>0.898922765572</atmosphereDensity>
    <atmosphereHeight>1.025</atmosphereHeight>
    <outerRadiusScale>1.0025</outerRadiusScale>
    <category>planet</category>
    <name>Planet 4</name>
  </SerializedPlanet>
  <SerializedPlanet>
    <pos_x>-0.320278840997</pos_x>
    <pos_z>-4.70603767323</pos_z>
    <pos_y>-0.00124711061663</pos_y>
    <rotation>-902.24130951</rotation>
    <radius>3756.61222994</radius>
    <temperature>251.010649022</temperature>
    <seed>87464014</seed>
    <atmosphereDensity>0</atmosphereDensity>
    <atmosphereHeight>0</atmosphereHeight>
    <outerRadiusScale>1.0025</outerRadiusScale>
    <category>moon</category>
    <name>Moon 1 of Planet 4</name>
  </SerializedPlanet>
  <SerializedPlanet>
    <pos_x>-0.305319930391</pos_x>
    <pos_z>-4.69376183122</pos_z>
    <pos_y>0.000137792657505</pos_y>
    <rotation>-945.126224815</rotation>
    <radius>2609.93313948</radius>
    <temperature>251.010649022</temperature>
    <seed>87464024</seed>
    <atmosphereDensity>0</atmosphereDensity>
    <atmosphereHeight>0</atmosphereHeight>
    <outerRadiusScale>1.0025</outerRadiusScale>
    <category>moon</category>
    <name>Moon 2 of Planet 4</name>
  </SerializedPlanet>
  <SerializedPlanet>
    <pos_x>-0.304499031635</pos_x>
    <pos_z>-4.70278070758</pos_z>
    <pos_y>0.000213791866632</pos_y>
    <rotation>-2463.96043794</rotation>
    <radius>607.731601483</radius>
    <temperature>251.010649022</temperature>
    <seed>87464034</seed>
    <atmosphereDensity>0</atmosphereDensity>
    <atmosphereHeight>0</atmosphereHeight>
    <outerRadiusScale>1.0025</outerRadiusScale>
    <category>moon</category>
    <name>Moon 3 of Planet 4</name>
  </SerializedPlanet>
  <SerializedPlanet>
    <pos_x>-0.301455115289</pos_x>
    <pos_z>-4.71026091202</pos_z>
    <pos_y>0.000495599133524</pos_y>
    <rotation>-4184.85649051</rotation>
    <radius>3571.96475105</radius>
    <temperature>251.010649022</temperature>
    <seed>87464044</seed>
    <atmosphereDensity>0</atmosphereDensity>
    <atmosphereHeight>0</atmosphereHeight>
    <outerRadiusScale>1.0025</outerRadiusScale>
    <category>moon</category>
    <name>Moon 4 of Planet 4</name>
  </SerializedPlanet>
  <SerializedPlanet>
    <pos_x>-0.317504706127</pos_x>
    <pos_z>-4.7127238001</pos_z>
    <pos_y>-0.000990279850966</pos_y>
    <rotation>-1622.64386016</rotation>
    <radius>457.679012707</radius>
    <temperature>251.010649022</temperature>
    <seed>87464054</seed>
    <atmosphereDensity>0</atmosphereDensity>
    <atmosphereHeight>0</atmosphereHeight>
    <outerRadiusScale>1.0025</outerRadiusScale>
    <category>moon</category>
    <name>Moon 5 of Planet 4</name>
  </SerializedPlanet>
  <SerializedPlanet>
    <pos_x>-0.312678035148</pos_x>
    <pos_z>-4.72083863993</pos_z>
    <pos_y>-0.00054342428657</pos_y>
    <rotation>-1913.48896985</rotation>
    <radius>1185.60285613</radius>
    <temperature>251.010649022</temperature>
    <seed>87464064</seed>
    <atmosphereDensity>0</atmosphereDensity>
    <atmosphereHeight>0</atmosphereHeight>
    <outerRadiusScale>1.0025</outerRadiusScale>
    <category>moon</category>
    <name>Moon 6 of Planet 4</name>
  </SerializedPlanet>
  <SerializedPlanet>
    <pos_x>-0.318529359285</pos_x>
    <pos_z>-4.72187989129</pos_z>
    <pos_y>-0.00108514274253</pos_y>
    <rotation>-925.33785788</rotation>
    <radius>2331.06291087</radius>
    <temperature>251.010649022</temperature>
    <seed>87464074</seed>
    <atmosphereDensity>0</atmosphereDensity>
    <atmosphereHeight>0</atmosphereHeight>
    <outerRadiusScale>1.0025</outerRadiusScale>
    <category>moon</category>
    <name>Moon 7 of Planet 4</name>
  </SerializedPlanet>
  <SerializedPlanet>
    <pos_x>-0.308791803754</pos_x>
    <pos_z>-4.71183913506</pos_z>
    <pos_y>-0.000183635079703</pos_y>
    <rotation>-22211.8912987</rotation>
    <radius>3710.98117882</radius>
    <temperature>251.010649022</temperature>
    <seed>87464084</seed>
    <atmosphereDensity>0</atmosphereDensity>
    <atmosphereHeight>0</atmosphereHeight>
    <outerRadiusScale>1.0025</outerRadiusScale>
    <category>moon</category>
    <name>Moon 8 of Planet 4</name>
  </SerializedPlanet>
  <SerializedPlanet>
    <radius>3407.2882425</radius>
    <pos_x>1.68981157113</pos_x>
    <pos_z>-5.98793869394</pos_z>
    <pos_y>0</pos_y>
    <rotation>-1328.83905457</rotation>
    <temperature>219.223558506</temperature>
    <seed>87464005</seed>
    <atmosphereDensity>0.0701098125332</atmosphereDensity>
    <atmosphereHeight>1.025</atmosphereHeight>
    <outerRadiusScale>1.0025</outerRadiusScale>
    <category>planet</category>
    <name>Planet 5</name>
  </SerializedPlanet>
  <SerializedPlanet>
    <pos_x>1.68894426807</pos_x>
    <pos_z>-5.98819568694</pos_z>
    <pos_y>3.40585857775e-05</pos_y>
    <rotation>-3338.50794478</rotation>
    <radius>1108.28371815</radius>
    <temperature>219.223558506</temperature>
    <seed>87464015</seed>
    <atmosphereDensity>0</atmosphereDensity>
    <atmosphereHeight>0</atmosphereHeight>
    <outerRadiusScale>1.0025</outerRadiusScale>
    <category>moon</category>
    <name>Moon 1 of Planet 5</name>
  </SerializedPlanet>
  <SerializedPlanet>
    <radius>92689.5697258</radius>
    <pos_x>-14.445355123</pos_x>
    <pos_z>-16.0210595207</pos_z>
    <pos_y>0</pos_y>
    <rotation>-149646.553959</rotation>
    <temperature>123.315615973</temperature>
    <seed>87464006</seed>
    <atmosphereDensity>0.967531683859</atmosphereDensity>
    <atmosphereHeight>1.025</atmosphereHeight>
    <outerRadiusScale>1.0025</outerRadiusScale>
    <category>planet</category>
    <name>Planet 6</name>
  </SerializedPlanet>
  <SerializedPlanet>
    <pos_x>-14.3968105351</pos_x>
    <pos_z>-16.0475562658</pos_z>
    <pos_y>-0.00254434979982</pos_y>
    <rotation>-543.592258717</rotation>
    <radius>3986.53096175</radius>
    <temperature>123.315615973</temperature>
    <seed>87464016</seed>
    <atmosphereDensity>0</atmosphereDensity>
    <atmosphereHeight>0</atmosphereHeight>
    <outerRadiusScale>1.0025</outerRadiusScale>
    <category>moon</category>
    <name>Moon 1 of Planet 6</name>
  </SerializedPlanet>
  <SerializedPlanet>
    <pos_x>-14.4475182502</pos_x>
    <pos_z>-16.0135641723</pos_z>
    <pos_y>0.000113375197959</pos_y>
    <rotation>-11823.455825</rotation>
    <radius>3950.90332783</radius>
    <temperature>123.315615973</temperature>
    <seed>87464026</seed>
    <atmosphereDensity>0</atmosphereDensity>
    <atmosphereHeight>0</atmosphereHeight>
    <outerRadiusScale>1.0025</outerRadiusScale>
    <category>moon</category>
    <name>Moon 2 of Planet 6</name>
  </SerializedPlanet>
  <SerializedPlanet>
    <pos_x>-14.4687729278</pos_x>
    <pos_z>-16.0242127191</pos_z>
    <pos_y>0.00122738887101</pos_y>
    <rotation>-2803.70964666</rotation>
    <radius>602.597804167</radius>
    <temperature>123.315615973</temperature>
    <seed>87464036</seed>
    <atmosphereDensity>0</atmosphereDensity>
    <atmosphereHeight>0</atmosphereHeight>
    <outerRadiusScale>1.0025</outerRadiusScale>
    <category>moon</category>
    <name>Moon 3 of Planet 6</name>
  </SerializedPlanet>
  <SerializedPlanet>
    <pos_x>-14.4015940776</pos_x>
    <pos_z>-15.993948382</pos_z>
    <pos_y>-0.00229363173104</pos_y>
    <rotation>-606.900091974</rotation>
    <radius>2099.76341927</radius>
    <temperature>123.315615973</temperature>
    <seed>87464046</seed>
    <atmosphereDensity>0</atmosphereDensity>
    <atmosphereHeight>0</atmosphereHeight>
    <outerRadiusScale>1.0025</outerRadiusScale>
    <category>moon</category>
    <name>Moon 4 of Planet 6</name>
  </SerializedPlanet>
  <SerializedPlanet>
    <pos_x>-14.4521684684</pos_x>
    <pos_z>-16.0729068768</pos_z>
    <pos_y>0.000357105391153</pos_y>
    <rotation>-694.948646911</rotation>
    <radius>3328.00595575</radius>
    <temperature>123.315615973</temperature>
    <seed>87464056</seed>
    <atmosphereDensity>0</atmosphereDensity>
    <atmosphereHeight>0</atmosphereHeight>
    <outerRadiusScale>1.0025</outerRadiusScale>
    <category>moon</category>
    <name>Moon 5 of Planet 6</name>
  </SerializedPlanet>
  <SerializedPlanet>
    <pos_x>-14.4467666144</pos_x>
    <pos_z>-16.0152716846</pos_z>
    <pos_y>7.39799855169e-05</pos_y>
    <rotation>-25366.6779606</rotation>
    <radius>1407.10343692</radius>
    <temperature>123.315615973</temperature>
    <seed>87464066</seed>
    <atmosphereDensity>0</atmosphereDensity>
    <atmosphereHeight>0</atmosphereHeight>
    <outerRadiusScale>1.0025</outerRadiusScale>
    <category>moon</category>
    <name>Moon 6 of Planet 6</name>
  </SerializedPlanet>
  <SerializedPlanet>
    <pos_x>-14.4430094345</pos_x>
    <pos_z>-16.0229163988</pos_z>
    <pos_y>-0.000122943714827</pos_y>
    <rotation>-43642.8204293</rotation>
    <radius>3867.23359918</radius>
    <temperature>123.315615973</temperature>
    <seed>87464076</seed>
    <atmosphereDensity>0</atmosphereDensity>
    <atmosphereHeight>0</atmosphereHeight>
    <outerRadiusScale>1.0025</outerRadiusScale>
    <category>moon</category>
    <name>Moon 7 of Planet 6</name>
  </SerializedPlanet>
  <SerializedPlanet>
    <pos_x>-14.4260216129</pos_x>
    <pos_z>-16.0076444552</pos_z>
    <pos_y>-0.0010133202221</pos_y>
    <rotation>-3395.61492133</rotation>
    <radius>3438.21541974</radius>
    <temperature>123.315615973</temperature>
    <seed>87464086</seed>
    <atmosphereDensity>0</atmosphereDensity>
    <atmosphereHeight>0</atmosphereHeight>
    <outerRadiusScale>1.0025</outerRadiusScale>
    <category>moon</category>
    <name>Moon 8 of Planet 6</name>
  </SerializedPlanet>
  <SerializedPlanet>
    <pos_x>-14.4911145874</pos_x>
    <pos_z>-15.9977491454</pos_z>
    <pos_y>0.0023983741358</pos_y>
    <rotation>-773.120976228</rotation>
    <radius>3440.42407258</radius>
    <temperature>123.315615973</temperature>
    <seed>87464096</seed>
    <atmosphereDensity>0</atmosphereDensity>
    <atmosphereHeight>0</atmosphereHeight>
    <outerRadiusScale>1.0025</outerRadiusScale>
    <category>moon</category>
    <name>Moon 9 of Planet 6</name>
  </SerializedPlanet>
  <SerializedPlanet>
    <pos_x>-14.4128181073</pos_x>
    <pos_z>-16.0429513966</pos_z>
    <pos_y>-0.00170535074919</pos_y>
    <rotation>-1065.06737723</rotation>
    <radius>1664.06887393</radius>
    <temperature>123.315615973</temperature>
    <seed>87464106</seed>
    <atmosphereDensity>0</atmosphereDensity>
    <atmosphereHeight>0</atmosphereHeight>
    <outerRadiusScale>1.0025</outerRadiusScale>
    <category>moon</category>
    <name>Moon 10 of Planet 6</name>
  </SerializedPlanet>
  <SerializedPlanet>
    <pos_x>-14.4653537343</pos_x>
    <pos_z>-16.0013858136</pos_z>
    <pos_y>0.00104817992733</pos_y>
    <rotation>-2736.99894367</rotation>
    <radius>1272.02380697</radius>
    <temperature>123.315615973</temperature>
    <seed>87464116</seed>
    <atmosphereDensity>0</atmosphereDensity>
    <atmosphereHeight>0</atmosphereHeight>
    <outerRadiusScale>1.0025</outerRadiusScale>
    <category>moon</category>
    <name>Moon 11 of Planet 6</name>
  </SerializedPlanet>
  <SerializedPlanet>
    <pos_x>-14.3952402592</pos_x>
    <pos_z>-16.0242137504</pos_z>
    <pos_y>-0.00262665209887</pos_y>
    <rotation>-1188.82570643</rotation>
    <radius>2664.63345002</radius>
    <temperature>123.315615973</temperature>
    <seed>87464126</seed>
    <atmosphereDensity>0</atmosphereDensity>
    <atmosphereHeight>0</atmosphereHeight>
    <outerRadiusScale>1.0025</outerRadiusScale>
    <category>moon</category>
    <name>Moon 12 of Planet 6</name>
  </SerializedPlanet>
  <SerializedPlanet>
    <pos_x>-14.4196185849</pos_x>
    <pos_z>-16.0060696042</pos_z>
    <pos_y>-0.00134891979294</pos_y>
    <rotation>-2330.54881941</rotation>
    <radius>2275.89036316</radius>
    <temperature>123.315615973</temperature>
    <seed>87464136</seed>
    <atmosphereDensity>0</atmosphereDensity>
    <atmosphereHeight>0</atmosphereHeight>
    <outerRadiusScale>1.0025</outerRadiusScale>
    <category>moon</category>
    <name>Moon 13 of Planet 6</name>
  </SerializedPlanet>
  <SerializedPlanet>
    <pos_x>-14.4528271661</pos_x>
    <pos_z>-16.0317532472</pos_z>
    <pos_y>0.000391629473987</pos_y>
    <rotation>-7228.32052632</rotation>
    <radius>1569.22957264</radius>
    <temperature>123.315615973</temperature>
    <seed>87464146</seed>
    <atmosphereDensity>0</atmosphereDensity>
    <atmosphereHeight>0</atmosphereHeight>
    <outerRadiusScale>1.0025</outerRadiusScale>
    <category>moon</category>
    <name>Moon 14 of Planet 6</name>
  </SerializedPlanet>
  <SerializedPlanet>
    <pos_x>-14.4411029615</pos_x>
    <pos_z>-16.0583469687</pos_z>
    <pos_y>-0.000222866993323</pos_y>
    <rotation>-1435.31501584</rotation>
    <radius>1522.60992469</radius>
    <temperature>123.315615973</temperature>
    <seed>87464156</seed>
    <atmosphereDensity>0</atmosphereDensity>
    <atmosphereHeight>0</atmosphereHeight>
    <outerRadiusScale>1.0025</outerRadiusScale>
    <category>moon</category>
    <name>Moon 15 of Planet 6</name>
  </SerializedPlanet>
  <SerializedPlanet>
    <pos_x>-14.4337064474</pos_x>
    <pos_z>-15.9996463485</pos_z>
    <pos_y>-0.000610537790958</pos_y>
    <rotation>-1851.0770381</rotation>
    <radius>2114.1144713</radius>
    <temperature>123.315615973</temperature>
    <seed>87464166</seed>
    <atmosphereDensity>0</atmosphereDensity>
    <atmosphereHeight>0</atmosphereHeight>
    <outerRadiusScale>1.0025</outerRadiusScale>
    <category>moon</category>
    <name>Moon 16 of Planet 6</name>
  </SerializedPlanet>
  <SerializedPlanet>
    <pos_x>-14.4156398159</pos_x>
    <pos_z>-16.0447147613</pos_z>
    <pos_y>-0.00155745756201</pos_y>
    <rotation>-1056.23832401</rotation>
    <radius>2728.87018232</radius>
    <temperature>123.315615973</temperature>
    <seed>87464176</seed>
    <atmosphereDensity>0</atmosphereDensity>
    <atmosphereHeight>0</atmosphereHeight>
    <outerRadiusScale>1.0025</outerRadiusScale>
    <category>moon</category>
    <name>Moon 17 of Planet 6</name>
  </SerializedPlanet>
  <SerializedPlanet>
    <pos_x>-14.4520841357</pos_x>
    <pos_z>-15.9810142586</pos_z>
    <pos_y>0.000352685290685</pos_y>
    <rotation>-1406.29849674</rotation>
    <radius>1388.96945864</radius>
    <temperature>123.315615973</temperature>
    <seed>87464186</seed>
    <atmosphereDensity>0</atmosphereDensity>
    <atmosphereHeight>0</atmosphereHeight>
    <outerRadiusScale>1.0025</outerRadiusScale>
    <category>moon</category>
    <name>Moon 18 of Planet 6</name>
  </SerializedPlanet>
  <SerializedPlanet>
    <pos_x>-14.4398830626</pos_x>
    <pos_z>-16.0623582335</pos_z>
    <pos_y>-0.0002868051095</pos_y>
    <rotation>-1371.36244687</rotation>
    <radius>2223.63780124</radius>
    <temperature>123.315615973</temperature>
    <seed>87464196</seed>
    <atmosphereDensity>0</atmosphereDensity>
    <atmosphereHeight>0</atmosphereHeight>
    <outerRadiusScale>1.0025</outerRadiusScale>
    <category>moon</category>
    <name>Moon 19 of Planet 6</name>
  </SerializedPlanet>
</Planets>
<Cameras>
  <SerializedCamera>
    <cam_x>1.68982284098</cam_x>
    <cam_z>-5.98793673485</cam_z>
    <cam_y>4.28175221873e-05</cam_y>
    <dir_x>-0.137161344029</dir_x>
    <dir_z>-0.23895600507</dir_z>
    <dir_y>-0.961294332317</dir_y>
    <up_x>0.253572532438</up_x>
    <up_z>0.0439683669628</up_z>
    <up_y>0.966316590719</up_y>
    <fov>70</fov>
    <time>21.3819026542</time>
    <frame>0</frame>
  </SerializedCamera>
</Cameras>
</SerializedWorld>