<?xml version="1.0" encoding="utf-8"?>
<SerializedWorld xmlns:xsi="http://www.w3.org/2001/XMLSchema-instance"
 xmlns:xsd="http://www.w3.org/2001/XMLSchema">
<sun_col_r>0.863</sun_col_r>
<sun_col_g>0.899</sun_col_g>
<sun_col_b>1.000</sun_col_b>
<sun_intensity>0.100</sun_intensity>
<screenshot_width>900</screenshot_width>
<screenshot_height>900</screenshot_height>
<global_radius_scale>0.985</global_radius_scale>
<resolution>048</resolution>
<skybox>000</skybox>
<Planets>
  <SerializedPlanet>
    <pos_x>0</pos_x>
    <pos_z>0</pos_z>
    <pos_y>0</pos_y>
    <rotation>0</rotation>
    <radius>100000</radius>
    <temperature>8076.72704829</temperature>
    <seed>87464990</seed>
    <col_x>0.863169094369</col_x>
    <col_y>0.898575943732</col_y>
    <col_z>1.0</col_z>
    <atmosphereDensity>10</atmosphereDensity>
    <atmosphereHeight>1.025</atmosphereHeight>
    <outerRadiusScale>1.0025</outerRadiusScale>
    <name>The star</name>
    <category>star</category>
  </SerializedPlanet>
  <SerializedPlanet>
    <radius>5781.49244214</radius>
    <pos_x>-2.19788217572</pos_x>
    <pos_z>-1.67751226699</pos_z>
    <pos_y>0</pos_y>
    <rotation>-40676.2297501</rotation>
    <temperature>323.186450768</temperature>
    <seed>87464000</seed>
    <atmosphereDensity>0.0370199045869</atmosphereDensity>
    <atmosphereHeight>1.025</atmosphereHeight>
    <outerRadiusScale>1.0025</outerRadiusScale>
    <category>planet</category>
    <name>Planet 0</name>
  </SerializedPlanet>
  <SerializedPlanet>
    <pos_x>-2.19810537986</pos_x>
    <pos_z>-1.67715292306</pos_z>
    <pos_y>1.08079997925e-05</pos_y>
    <rotation>-40705.8142759</rotation>
    <radius>1543.92542406</radius>
    <temperature>323.186450768</temperature>
    <seed>87464010</seed>
    <atmosphereDensity>0</atmosphereDensity>
    <atmosphereHeight>0</atmosphereHeight>
    <outerRadiusScale>1.0025</outerRadiusScale>
    <category>moon</category>
    <name>Moon 1 of Planet 0</name>
  </SerializedPlanet>
  <SerializedPlanet>
    <pos_x>-2.19654921688</pos_x>
    <pos_z>-1.67685605168</pos_z>
    <pos_y>-6.45445857309e-05</pos_y>
    <rotation>-6280.31596625</rotation>
    <radius>885.905988235</radius>
    <temperature>323.186450768</temperature>
    <seed>87464020</seed>
    <atmosphereDensity>0</atmosphereDensity>
    <atmosphereHeight>0</atmosphereHeight>
    <outerRadiusScale>1.0025</outerRadiusScale>
    <category>moon</category>
    <name>Moon 2 of Planet 0</name>
  </SerializedPlanet>
  <SerializedPlanet>
    <radius>4013.99448043</radius>
    <pos_x>3.39180369024</pos_x>
    <pos_z>0.819401281477</pos_z>
    <pos_y>0</pos_y>
    <rotation>-31840.3011011</rotation>
    <temperature>293.544986882</temperature>
    <seed>87464001</seed>
    <atmosphereDensity>0.214778705713</atmosphereDensity>
    <atmosphereHeight>1.025</atmosphereHeight>
    <outerRadiusScale>1.0025</outerRadiusScale>
    <category>planet</category>
    <name>Planet 1</name>
  </SerializedPlanet>
  <SerializedPlanet>
    <radius>88725.8653062</radius>
    <pos_x>-2.70462144172</pos_x>
    <pos_z>-12.5568009155</pos_z>
    <pos_y>0</pos_y>
    <rotation>-125298.799097</rotation>
    <temperature>151.530603596</temperature>
    <seed>87464002</seed>
    <atmosphereDensity>0.933310072327</atmosphereDensity>
    <atmosphereHeight>1.025</atmosphereHeight>
    <outerRadiusScale>1.0025</outerRadiusScale>
    <category>planet</category>
    <name>Planet 2</name>
  </SerializedPlanet>
  <SerializedPlanet>
    <pos_x>-2.70818681227</pos_x>
    <pos_z>-12.5873294874</pos_z>
    <pos_y>-0.000281472749459</pos_y>
    <rotation>-2310.32501785</rotation>
    <radius>3384.13603106</radius>
    <temperature>151.530603596</temperature>
    <seed>87464012</seed>
    <atmosphereDensity>0</atmosphereDensity>
    <atmosphereHeight>0</atmosphereHeight>
    <outerRadiusScale>1.0025</outerRadiusScale>
    <category>moon</category>
    <name>Moon 1 of Planet 2</name>
  </SerializedPlanet>
  <SerializedPlanet>
    <pos_x>-2.66596772192</pos_x>
    <pos_z>-12.536141817</pos_z>
    <pos_y>0.00305156747301</pos_y>
    <rotation>-1325.46113054</rotation>
    <radius>814.836047479</radius>
    <temperature>151.530603596</temperature>
    <seed>87464022</seed>
    <atmosphereDensity>0</atmosphereDensity>
    <atmosphereHeight>0</atmosphereHeight>
    <outerRadiusScale>1.0025</outerRadiusScale>
    <category>moon</category>
    <name>Moon 2 of Planet 2</name>
  </SerializedPlanet>
  <SerializedPlanet>
    <pos_x>-2.72942378863</pos_x>
    <pos_z>-12.557158312</pos_z>
    <pos_y>-0.00195805307921</pos_y>
    <rotation>-3442.87464509</rotation>
    <radius>1343.77780157</radius>
    <temperature>151.530603596</temperature>
    <seed>87464032</seed>
    <atmosphereDensity>0</atmosphereDensity>
    <atmosphereHeight>0</atmosphereHeight>
    <outerRadiusScale>1.0025</outerRadiusScale>
    <category>moon</category>
    <name>Moon 3 of Planet 2</name>
  </SerializedPlanet>
  <SerializedPlanet>
    <pos_x>-2.71007748322</pos_x>
    <pos_z>-12.5651749239</pos_z>
    <pos_y>-0.000430734191743</pos_y>
    <rotation>-7443.99637827</rotation>
    <radius>3804.50342563</radius>
    <temperature>151.530603596</temperature>
    <seed>87464042</seed>
    <atmosphereDensity>0</atmosphereDensity>
    <atmosphereHeight>0</atmosphereHeight>
    <outerRadiusScale>1.0025</outerRadiusScale>
    <category>moon</category>
    <name>Moon 4 of Planet 2</name>
  </SerializedPlanet>
  <SerializedPlanet>
    <pos_x>-2.70293444921</pos_x>
    <pos_z>-12.5943174252</pos_z>
    <pos_y>0.000133181786889</pos_y>
    <rotation>-1017.22963711</rotation>
    <radius>3519.98704516</radius>
    <temperature>151.530603596</temperature>
    <seed>87464052</seed>
    <atmosphereDensity>0</atmosphereDensity>
    <atmosphereHeight>0</atmosphereHeight>
    <outerRadiusScale>1.0025</outerRadiusScale>
    <category>moon</category>
    <name>Moon 5 of Planet 2</name>
  </SerializedPlanet>
  <SerializedPlanet>
    <pos_x>-2.67340907129</pos_x>
    <pos_z>-12.577760028</pos_z>
    <pos_y>0.00246410060556</pos_y>
    <rotation>-1629.73876449</rotation>
    <radius>1216.8581824</radius>
    <temperature>151.530603596</temperature>
    <seed>87464062</seed>
    <atmosphereDensity>0</atmosphereDensity>
    <atmosphereHeight>0</atmosphereHeight>
    <outerRadiusScale>1.0025</outerRadiusScale>
    <category>moon</category>
    <name>Moon 6 of Planet 2</name>
  </SerializedPlanet>
  <SerializedPlanet>
    <pos_x>-2.7084005202</pos_x>
    <pos_z>-12.520521099</pos_z>
    <pos_y>-0.000298344195857</pos_y>
    <rotation>-1169.33068601</rotation>
    <radius>2628.43940895</radius>
    <temperature>151.530603596</temperature>
    <seed>87464072</seed>
    <atmosphereDensity>0</atmosphereDensity>
    <atmosphereHeight>0</atmosphereHeight>
    <outerRadiusScale>1.0025</outerRadiusScale>
    <category>moon</category>
    <name>Moon 7 of Planet 2</name>
  </SerializedPlanet>
  <SerializedPlanet>
    <pos_x>-2.71173858584</pos_x>
    <pos_z>-12.6022973708</pos_z>
    <pos_y>-0.000561872068495</pos_y>
    <rotation>-1056.23880398</rotation>
    <radius>1818.79214752</radius>
    <temperature>151.530603596</temperature>
    <seed>87464082</seed>
    <atmosphereDensity>0</atmosphereDensity>
    <atmosphereHeight>0</atmosphereHeight>
    <outerRadiusScale>1.0025</outerRadiusScale>
    <category>moon</category>
    <name>Moon 8 of Planet 2</name>
  </SerializedPlanet>
  <SerializedPlanet>
    <pos_x>-2.68152325071</pos_x>
    <pos_z>-12.5688145931</pos_z>
    <pos_y>0.00182351630672</pos_y>
    <rotation>-2006.00889648</rotation>
    <radius>531.582884342</radius>
    <temperature>151.530603596</temperature>
    <seed>87464092</seed>
    <atmosphereDensity>0</atmosphereDensity>
    <atmosphereHeight>0</atmosphereHeight>
    <outerRadiusScale>1.0025</outerRadiusScale>
    <category>moon</category>
    <name>Moon 9 of Planet 2</name>
  </SerializedPlanet>
  <SerializedPlanet>
    <pos_x>-2.71295207686</pos_x>
    <pos_z>-12.5580959272</pos_z>
    <pos_y>-0.000657672673044</pos_y>
    <rotation>-12074.91826</rotation>
    <radius>1512.85770939</radius>
    <temperature>151.530603596</temperature>
    <seed>87464102</seed>
    <atmosphereDensity>0</atmosphereDensity>
    <atmosphereHeight>0</atmosphereHeight>
    <outerRadiusScale>1.0025</outerRadiusScale>
    <category>moon</category>
    <name>Moon 10 of Planet 2</name>
  </SerializedPlanet>
  <SerializedPlanet>
    <pos_x>-2.71778623162</pos_x>
    <pos_z>-12.5015785651</pos_z>
    <pos_y>-0.00103931121863</pos_y>
    <rotation>-664.908489989</rotation>
    <radius>690.187610338</radius>
    <temperature>151.530603596</temperature>
    <seed>87464112</seed>
    <atmosphereDensity>0</atmosphereDensity>
    <atmosphereHeight>0</atmosphereHeight>
    <outerRadiusScale>1.0025</outerRadiusScale>
    <category>moon</category>
    <name>Moon 11 of Planet 2</name>
  </SerializedPlanet>
  <SerializedPlanet>
    <pos_x>-2.70033465713</pos_x>
    <pos_z>-12.5301431816</pos_z>
    <pos_y>0.0003384257067</pos_y>
    <rotation>-2361.85875447</rotation>
    <radius>2571.85962299</radius>
    <temperature>151.530603596</temperature>
    <seed>87464122</seed>
    <atmosphereDensity>0</atmosphereDensity>
    <atmosphereHeight>0</atmosphereHeight>
    <outerRadiusScale>1.0025</outerRadiusScale>
    <category>moon</category>
    <name>Moon 12 of Planet 2</name>
  </SerializedPlanet>
  <SerializedPlanet>
    <pos_x>-2.70838926047</pos_x>
    <pos_z>-12.5604435807</pos_z>
    <pos_y>-0.000297455282361</pos_y>
    <rotation>-32962.5304455</rotation>
    <radius>2068.13805261</radius>
    <temperature>151.530603596</temperature>
    <seed>87464132</seed>
    <atmosphereDensity>0</atmosphereDensity>
    <atmosphereHeight>0</atmosphereHeight>
    <outerRadiusScale>1.0025</outerRadiusScale>
    <category>moon</category>
    <name>Moon 13 of Planet 2</name>
  </SerializedPlanet>
  <SerializedPlanet>
    <pos_x>-2.69467898531</pos_x>
    <pos_z>-12.5553921764</pos_z>
    <pos_y>0.000784919970227</pos_y>
    <rotation>-11484.5661438</rotation>
    <radius>1857.99346293</radius>
    <temperature>151.530603596</temperature>
    <seed>87464142</seed>
    <atmosphereDensity>0</atmosphereDensity>
    <atmosphereHeight>0</atmosphereHeight>
    <outerRadiusScale>1.0025</outerRadiusScale>
    <category>moon</category>
    <name>Moon 14 of Planet 2</name>
  </SerializedPlanet>
  <SerializedPlanet>
    <pos_x>-2.75383764354</pos_x>
    <pos_z>-12.5296725031</pos_z>
    <pos_y>-0.00388543615885</pos_y>
    <rotation>-752.32186222</rotation>
    <radius>770.64290482</radius>
    <temperature>151.530603596</temperature>
    <seed>87464152</seed>
    <atmosphereDensity>0</atmosphereDensity>
    <atmosphereHeight>0</atmosphereHeight>
    <outerRadiusScale>1.0025</outerRadiusScale>
    <category>moon</category>
    <name>Moon 15 of Planet 2</name>
  </SerializedPlanet>
  <SerializedPlanet>
    <pos_x>-2.67278232933</pos_x>
    <pos_z>-12.5716166037</pos_z>
    <pos_y>0.00251357955312</pos_y>
    <rotation>-1766.37783386</rotation>
    <radius>2797.70445771</radius>
    <temperature>151.530603596</temperature>
    <seed>87464162</seed>
    <atmosphereDensity>0</atmosphereDensity>
    <atmosphereHeight>0</atmosphereHeight>
    <outerRadiusScale>1.0025</outerRadiusScale>
    <category>moon</category>
    <name>Moon 16 of Planet 2</name>
  </SerializedPlanet>
  <SerializedPlanet>
    <pos_x>-2.75627848462</pos_x>
    <pos_z>-12.5683291557</pos_z>
    <pos_y>-0.00407813148825</pos_y>
    <rotation>-782.605347523</rotation>
    <radius>2222.30856819</radius>
    <temperature>151.530603596</temperature>
    <seed>87464172</seed>
    <atmosphereDensity>0</atmosphereDensity>
    <atmosphereHeight>0</atmosphereHeight>
    <outerRadiusScale>1.0025</outerRadiusScale>
    <category>moon</category>
    <name>Moon 17 of Planet 2</name>
  </SerializedPlanet>
  <SerializedPlanet>
    <pos_x>-2.73359198941</pos_x>
    <pos_z>-12.5524266785</pos_z>
    <pos_y>-0.00228711703426</pos_y>
    <rotation>-2062.11293062</rotation>
    <radius>1675.73775511</radius>
    <temperature>151.530603596</temperature>
    <seed>87464182</seed>
    <atmosphereDensity>0</atmosphereDensity>
    <atmosphereHeight>0</atmosphereHeight>
    <outerRadiusScale>1.0025</outerRadiusScale>
    <category>moon</category>
    <name>Moon 18 of Planet 2</name>
  </SerializedPlanet>
  <SerializedPlanet>
    <pos_x>-2.71663249914</pos_x>
    <pos_z>-12.5530333713</pos_z>
    <pos_y>-0.000948228329036</pos_y>
    <rotation>-7601.67292497</rotation>
    <radius>3635.02329496</radius>
    <temperature>151.530603596</temperature>
    <seed>87464192</seed>
    <atmosphereDensity>0</atmosphereDensity>
    <atmosphereHeight>0</atmosphereHeight>
    <outerRadiusScale>1.0025</outerRadiusScale>
    <category>moon</category>
    <name>Moon 19 of Planet 2</name>
  </SerializedPlanet>
  <SerializedPlanet>
    <pos_x>-2.66208099287</pos_x>
    <pos_z>-12.5698445298</pos_z>
    <pos_y>0.00335841028156</pos_y>
    <rotation>-1347.9141726</rotation>
    <radius>2737.97722897</radius>
    <temperature>151.530603596</temperature>
    <seed>87464202</seed>
    <atmosphereDensity>0</atmosphereDensity>
    <atmosphereHeight>0</atmosphereHeight>
    <outerRadiusScale>1.0025</outerRadiusScale>
    <category>moon</category>
    <name>Moon 20 of Planet 2</name>
  </SerializedPlanet>
  <SerializedPlanet>
    <pos_x>-2.69301202945</pos_x>
    <pos_z>-12.5526430657</pos_z>
    <pos_y>0.00091651993787</pos_y>
    <rotation>-6849.07990133</rotation>
    <radius>1738.8923623</radius>
    <temperature>151.530603596</temperature>
    <seed>87464212</seed>
    <atmosphereDensity>0</atmosphereDensity>
    <atmosphereHeight>0</atmosphereHeight>
    <outerRadiusScale>1.0025</outerRadiusScale>
    <category>moon</category>
    <name>Moon 21 of Planet 2</name>
  </SerializedPlanet>
  <SerializedPlanet>
    <pos_x>-2.72584242955</pos_x>
    <pos_z>-12.5606748684</pos_z>
    <pos_y>-0.00167531809442</pos_y>
    <rotation>-3087.5915249</rotation>
    <radius>1250.61719689</radius>
    <temperature>151.530603596</temperature>
    <seed>87464222</seed>
    <atmosphereDensity>0</atmosphereDensity>
    <atmosphereHeight>0</atmosphereHeight>
    <outerRadiusScale>1.0025</outerRadiusScale>
    <category>moon</category>
    <name>Moon 22 of Planet 2</name>
  </SerializedPlanet>
  <SerializedPlanet>
    <pos_x>-2.70232818379</pos_x>
    <pos_z>-12.5651744409</pos_z>
    <pos_y>0.000181044187751</pos_y>
    <rotation>-16043.221746</rotation>
    <radius>2140.27685621</radius>
    <temperature>151.530603596</temperature>
    <seed>87464232</seed>
    <atmosphereDensity>0</atmosphereDensity>
    <atmosphereHeight>0</atmosphereHeight>
    <outerRadiusScale>1.0025</outerRadiusScale>
    <category>moon</category>
    <name>Moon 23 of Planet 2</name>
  </SerializedPlanet>
  <SerializedPlanet>
    <pos_x>-2.73586937885</pos_x>
    <pos_z>-12.5565181767</pos_z>
    <pos_y>-0.00246690846326</pos_y>
    <rotation>-1745.0641784</rotation>
    <radius>3790.88369954</radius>
    <temperature>151.530603596</temperature>
    <seed>87464242</seed>
    <atmosphereDensity>0</atmosphereDensity>
    <atmosphereHeight>0</atmosphereHeight>
    <outerRadiusScale>1.0025</outerRadiusScale>
    <category>moon</category>
    <name>Moon 24 of Planet 2</name>
  </SerializedPlanet>
  <SerializedPlanet>
    <pos_x>-2.69043393267</pos_x>
    <pos_z>-12.5506398785</pos_z>
    <pos_y>0.00112005109427</pos_y>
    <rotation>-5228.82680849</rotation>
    <radius>474.910241531</radius>
    <temperature>151.530603596</temperature>
    <seed>87464252</seed>
    <atmosphereDensity>0</atmosphereDensity>
    <atmosphereHeight>0</atmosphereHeight>
    <outerRadiusScale>1.0025</outerRadiusScale>
    <category>moon</category>
    <name>Moon 25 of Planet 2</name>
  </SerializedPlanet>
  <SerializedPlanet>
    <pos_x>-2.71029469241</pos_x>
    <pos_z>-12.5508077089</pos_z>
    <pos_y>-0.000447882050202</pos_y>
    <rotation>-15244.4565551</rotation>
    <radius>3975.59117819</radius>
    <temperature>151.530603596</temperature>
    <seed>87464262</seed>
    <atmosphereDensity>0</atmosphereDensity>
    <atmosphereHeight>0</atmosphereHeight>
    <outerRadiusScale>1.0025</outerRadiusScale>
    <category>moon</category>
    <name>Moon 26 of Planet 2</name>
  </SerializedPlanet>
  <SerializedPlanet>
    <radius>1274.45357914</radius>
    <pos_x>-26.1998323928</pos_x>
    <pos_z>6.68882368152</pos_z>
    <pos_y>0</pos_y>
    <rotation>-1543.7920445</rotation>
    <temperature>106.630248472</temperature>
    <seed>87464003</seed>
    <atmosphereDensity>0.125316563678</atmosphereDensity>
    <atmosphereHeight>1.025</atmosphereHeight>
    <outerRadiusScale>1.0025</outerRadiusScale>
    <category>planet</category>
    <name>Planet 3</name>
  </SerializedPlanet>
  <SerializedPlanet>
    <radius>30711.7309935</radius>
    <pos_x>-0.305757693996</pos_x>
    <pos_z>-4.71226808249</pos_z>
    <pos_y>0</pos_y>
    <rotation>-79890.6981593</rotation>
    <temperature>251.010649022</temperature>
    <seed>87464004</seed>
    <atmosphereDensity>0.898922765572</atmosphereDensity>
    <atmosphereHeight>1.025</atmosphereHeight>
    <outerRadiusScale>1.0025</outerRadiusScale>
    <category>planet</category>
    <name>Planet 4</name>
  </SerializedPlanet>
  <SerializedPlanet>
    <pos_x>-0.319292504189</pos_x>
    <pos_z>-4.70624500043</pos_z>
    <pos_y>-0.00125305936015</pos_y>
    <rotation>-902.253383782</rotation>
    <radius>3756.61222994</radius>
    <temperature>251.010649022</temperature>
    <seed>87464014</seed>
    <atmosphereDensity>0</atmosphereDensity>
    <atmosphereHeight>0</atmosphereHeight>
    <outerRadiusScale>1.0025</outerRadiusScale>
    <category>moon</category>
    <name>Moon 1 of Planet 4</name>
  </SerializedPlanet>
  <SerializedPlanet>
    <pos_x>-0.304408695358</pos_x>
    <pos_z>-4.6938160755</pos_z>
    <pos_y>0.000124890954909</pos_y>
    <rotation>-945.138851612</rotation>
    <radius>2609.93313948</radius>
    <temperature>251.010649022</temperature>
    <seed>87464024</seed>
    <atmosphereDensity>0</atmosphereDensity>
    <atmosphereHeight>0</atmosphereHeight>
    <outerRadiusScale>1.0025</outerRadiusScale>
    <category>moon</category>
    <name>Moon 2 of Planet 4</name>
  </SerializedPlanet>
  <SerializedPlanet>
    <pos_x>-0.303636353646</pos_x>
    <pos_z>-4.70280159221</pos_z>
    <pos_y>0.00019639472909</pos_y>
    <rotation>-2463.99347641</rotation>
    <radius>607.731601483</radius>
    <temperature>251.010649022</temperature>
    <seed>87464034</seed>
    <atmosphereDensity>0</atmosphereDensity>
    <atmosphereHeight>0</atmosphereHeight>
    <outerRadiusScale>1.0025</outerRadiusScale>
    <category>moon</category>
    <name>Moon 3 of Planet 4</name>
  </SerializedPlanet>
  <SerializedPlanet>
    <pos_x>-0.300495656281</pos_x>
    <pos_z>-4.71009102797</pos_z>
    <pos_y>0.000487162030182</pos_y>
    <rotation>-4184.91261239</rotation>
    <radius>3571.96475105</radius>
    <temperature>251.010649022</temperature>
    <seed>87464044</seed>
    <atmosphereDensity>0</atmosphereDensity>
    <atmosphereHeight>0</atmosphereHeight>
    <outerRadiusScale>1.0025</outerRadiusScale>
    <category>moon</category>
    <name>Moon 4 of Planet 4</name>
  </SerializedPlanet>
  <SerializedPlanet>
    <pos_x>-0.316443609032</pos_x>
    <pos_z>-4.71297216932</pos_z>
    <pos_y>-0.000989307250514</pos_y>
    <rotation>-1622.66554426</rotation>
    <radius>457.679012707</radius>
    <temperature>251.010649022</temperature>
    <seed>87464054</seed>
    <atmosphereDensity>0</atmosphereDensity>
    <atmosphereHeight>0</atmosphereHeight>
    <outerRadiusScale>1.0025</outerRadiusScale>
    <category>moon</category>
    <name>Moon 5 of Planet 4</name>
  </SerializedPlanet>
  <SerializedPlanet>
    <pos_x>-0.311472651239</pos_x>
    <pos_z>-4.72100681326</pos_z>
    <pos_y>-0.000529093542063</pos_y>
    <rotation>-1913.51461629</rotation>
    <radius>1185.60285613</radius>
    <temperature>251.010649022</temperature>
    <seed>87464064</seed>
    <atmosphereDensity>0</atmosphereDensity>
    <atmosphereHeight>0</atmosphereHeight>
    <outerRadiusScale>1.0025</outerRadiusScale>
    <category>moon</category>
    <name>Moon 6 of Planet 4</name>
  </SerializedPlanet>
  <SerializedPlanet>
    <pos_x>-0.317379991754</pos_x>
    <pos_z>-4.7220632676</pos_z>
    <pos_y>-0.00107599802176</pos_y>
    <rotation>-925.350250305</rotation>
    <radius>2331.06291087</radius>
    <temperature>251.010649022</temperature>
    <seed>87464074</seed>
    <atmosphereDensity>0</atmosphereDensity>
    <atmosphereHeight>0</atmosphereHeight>
    <outerRadiusScale>1.0025</outerRadiusScale>
    <category>moon</category>
    <name>Moon 7 of Planet 4</name>
  </SerializedPlanet>
  <SerializedPlanet>
    <pos_x>-0.307773516656</pos_x>
    <pos_z>-4.71232542957</pos_z>
    <pos_y>-0.000186625849743</pos_y>
    <rotation>-22212.1891839</rotation>
    <radius>3710.98117882</radius>
    <temperature>251.010649022</temperature>
    <seed>87464084</seed>
    <atmosphereDensity>0</atmosphereDensity>
    <atmosphereHeight>0</atmosphereHeight>
    <outerRadiusScale>1.0025</outerRadiusScale>
    <category>moon</category>
    <name>Moon 8 of Planet 4</name>
  </SerializedPlanet>
  <SerializedPlanet>
    <radius>3407.2882425</radius>
    <pos_x>1.69069195189</pos_x>
    <pos_z>-5.98769034208</pos_z>
    <pos_y>0</pos_y>
    <rotation>-1328.8568706</rotation>
    <temperature>219.223558506</temperature>
    <seed>87464005</seed>
    <atmosphereDensity>0.0701098125332</atmosphereDensity>
    <atmosphereHeight>1.025</atmosphereHeight>
    <outerRadiusScale>1.0025</outerRadiusScale>
    <category>planet</category>
    <name>Planet 5</name>
  </SerializedPlanet>
  <SerializedPlanet>
    <pos_x>1.68983563884</pos_x>
    <pos_z>-5.98798186901</pos_z>
    <pos_y>3.36270134331e-05</pos_y>
    <rotation>-3338.55271317</rotation>
    <radius>1108.28371815</radius>
    <temperature>219.223558506</temperature>
    <seed>87464015</seed>
    <atmosphereDensity>0</atmosphereDensity>
    <atmosphereHeight>0</atmosphereHeight>
    <outerRadiusScale>1.0025</outerRadiusScale>
    <category>moon</category>
    <name>Moon 1 of Planet 5</name>
  </SerializedPlanet>
  <SerializedPlanet>
    <radius>92689.5697258</radius>
    <pos_x>-14.4450252171</pos_x>
    <pos_z>-16.0213897438</pos_z>
    <pos_y>0</pos_y>
    <rotation>-149648.561214</rotation>
    <temperature>123.315615973</temperature>
    <seed>87464006</seed>
    <atmosphereDensity>0.967531683859</atmosphereDensity>
    <atmosphereHeight>1.025</atmosphereHeight>
    <outerRadiusScale>1.0025</outerRadiusScale>
    <category>planet</category>
    <name>Planet 6</name>
  </SerializedPlanet>
  <SerializedPlanet>
    <pos_x>-14.3962934782</pos_x>
    <pos_z>-16.0475406929</pos_z>
    <pos_y>-0.00255415887688</pos_y>
    <rotation>-543.599502666</rotation>
    <radius>3986.53096175</radius>
    <temperature>123.315615973</temperature>
    <seed>87464016</seed>
    <atmosphereDensity>0</atmosphereDensity>
    <atmosphereHeight>0</atmosphereHeight>
    <outerRadiusScale>1.0025</outerRadiusScale>
    <category>moon</category>
    <name>Moon 1 of Planet 6</name>
  </SerializedPlanet>
  <SerializedPlanet>
    <pos_x>-14.4481717337</pos_x>
    <pos_z>-16.0142512005</pos_z>
    <pos_y>0.000164917224817</pos_y>
    <rotation>-11823.6143337</rotation>
    <radius>3950.90332783</radius>
    <temperature>123.315615973</temperature>
    <seed>87464026</seed>
    <atmosphereDensity>0</atmosphereDensity>
    <atmosphereHeight>0</atmosphereHeight>
    <outerRadiusScale>1.0025</outerRadiusScale>
    <category>moon</category>
    <name>Moon 2 of Planet 6</name>
  </SerializedPlanet>
  <SerializedPlanet>
    <pos_x>-14.4683551699</pos_x>
    <pos_z>-16.0251380164</pos_z>
    <pos_y>0.001222784312</pos_y>
    <rotation>-2803.74721533</rotation>
    <radius>602.597804167</radius>
    <temperature>123.315615973</temperature>
    <seed>87464036</seed>
    <atmosphereDensity>0</atmosphereDensity>
    <atmosphereHeight>0</atmosphereHeight>
    <outerRadiusScale>1.0025</outerRadiusScale>
    <category>moon</category>
    <name>Moon 3 of Planet 6</name>
  </SerializedPlanet>
  <SerializedPlanet>
    <pos_x>-14.401480174</pos_x>
    <pos_z>-15.9939330114</pos_z>
    <pos_y>-0.00228231048116</pos_y>
    <rotation>-606.908219703</rotation>
    <radius>2099.76341927</radius>
    <temperature>123.315615973</temperature>
    <seed>87464046</seed>
    <atmosphereDensity>0</atmosphereDensity>
    <atmosphereHeight>0</atmosphereHeight>
    <outerRadiusScale>1.0025</outerRadiusScale>
    <category>moon</category>
    <name>Moon 4 of Planet 6</name>
  </SerializedPlanet>
  <SerializedPlanet>
    <pos_x>-14.4514374513</pos_x>
    <pos_z>-16.0732882338</pos_z>
    <pos_y>0.000336082091709</pos_y>
    <rotation>-694.957885955</rotation>
    <radius>3328.00595575</radius>
    <temperature>123.315615973</temperature>
    <seed>87464056</seed>
    <atmosphereDensity>0</atmosphereDensity>
    <atmosphereHeight>0</atmosphereHeight>
    <outerRadiusScale>1.0025</outerRadiusScale>
    <category>moon</category>
    <name>Moon 5 of Planet 6</name>
  </SerializedPlanet>
  <SerializedPlanet>
    <pos_x>-14.44756433</pos_x>
    <pos_z>-16.0160004711</pos_z>
    <pos_y>0.000133081594539</pos_y>
    <rotation>-25367.0181929</rotation>
    <radius>1407.10343692</radius>
    <temperature>123.315615973</temperature>
    <seed>87464066</seed>
    <atmosphereDensity>0</atmosphereDensity>
    <atmosphereHeight>0</atmosphereHeight>
    <outerRadiusScale>1.0025</outerRadiusScale>
    <category>moon</category>
    <name>Moon 6 of Planet 6</name>
  </SerializedPlanet>
  <SerializedPlanet>
    <pos_x>-14.4420498475</pos_x>
    <pos_z>-16.0217018757</pos_z>
    <pos_y>-0.000155946963233</pos_y>
    <rotation>-43643.4057458</rotation>
    <radius>3867.23359918</radius>
    <temperature>123.315615973</temperature>
    <seed>87464076</seed>
    <atmosphereDensity>0</atmosphereDensity>
    <atmosphereHeight>0</atmosphereHeight>
    <outerRadiusScale>1.0025</outerRadiusScale>
    <category>moon</category>
    <name>Moon 7 of Planet 6</name>
  </SerializedPlanet>
  <SerializedPlanet>
    <pos_x>-14.4260416468</pos_x>
    <pos_z>-16.0074838942</pos_z>
    <pos_y>-0.000994978956883</pos_y>
    <rotation>-3395.6604547</rotation>
    <radius>3438.21541974</radius>
    <temperature>123.315615973</temperature>
    <seed>87464086</seed>
    <atmosphereDensity>0</atmosphereDensity>
    <atmosphereHeight>0</atmosphereHeight>
    <outerRadiusScale>1.0025</outerRadiusScale>
    <category>moon</category>
    <name>Moon 8 of Planet 6</name>
  </SerializedPlanet>
  <SerializedPlanet>
    <pos_x>-14.4909684468</pos_x>
    <pos_z>-15.9984436803</pos_z>
    <pos_y>0.00240800575576</pos_y>
    <rotation>-773.131333826</rotation>
    <radius>3440.42407258</radius>
    <temperature>123.315615973</temperature>
    <seed>87464096</seed>
    <atmosphereDensity>0</atmosphereDensity>
    <atmosphereHeight>0</atmosphereHeight>
    <outerRadiusScale>1.0025</outerRadiusScale>
    <category>moon</category>
    <name>Moon 9 of Planet 6</name>
  </SerializedPlanet>
  <SerializedPlanet>
    <pos_x>-14.4122298547</pos_x>
    <pos_z>-16.0428926696</pos_z>
    <pos_y>-0.00171889138587</pos_y>
    <rotation>-1065.08161041</rotation>
    <radius>1664.06887393</radius>
    <temperature>123.315615973</temperature>
    <seed>87464106</seed>
    <atmosphereDensity>0</atmosphereDensity>
    <atmosphereHeight>0</atmosphereHeight>
    <outerRadiusScale>1.0025</outerRadiusScale>
    <category>moon</category>
    <name>Moon 10 of Planet 6</name>
  </SerializedPlanet>
  <SerializedPlanet>
    <pos_x>-14.4654070945</pos_x>
    <pos_z>-16.002113378</pos_z>
    <pos_y>0.00106826791122</pos_y>
    <rotation>-2737.03558235</rotation>
    <radius>1272.02380697</radius>
    <temperature>123.315615973</temperature>
    <seed>87464116</seed>
    <atmosphereDensity>0</atmosphereDensity>
    <atmosphereHeight>0</atmosphereHeight>
    <outerRadiusScale>1.0025</outerRadiusScale>
    <category>moon</category>
    <name>Moon 11 of Planet 6</name>
  </SerializedPlanet>
  <SerializedPlanet>
    <pos_x>-14.3948861252</pos_x>
    <pos_z>-16.0241320419</pos_z>
    <pos_y>-0.00262792195924</pos_y>
    <rotation>-1188.84161183</rotation>
    <radius>2664.63345002</radius>
    <temperature>123.315615973</temperature>
    <seed>87464126</seed>
    <atmosphereDensity>0</atmosphereDensity>
    <atmosphereHeight>0</atmosphereHeight>
    <outerRadiusScale>1.0025</outerRadiusScale>
    <category>moon</category>
    <name>Moon 12 of Planet 6</name>
  </SerializedPlanet>
  <SerializedPlanet>
    <pos_x>-14.4195624915</pos_x>
    <pos_z>-16.0059392877</pos_z>
    <pos_y>-0.00133456856233</pos_y>
    <rotation>-2330.58002681</rotation>
    <radius>2275.89036316</radius>
    <temperature>123.315615973</temperature>
    <seed>87464136</seed>
    <atmosphereDensity>0</atmosphereDensity>
    <atmosphereHeight>0</atmosphereHeight>
    <outerRadiusScale>1.0025</outerRadiusScale>
    <category>moon</category>
    <name>Moon 13 of Planet 6</name>
  </SerializedPlanet>
  <SerializedPlanet>
    <pos_x>-14.451819678</pos_x>
    <pos_z>-16.0325262835</pos_z>
    <pos_y>0.000356115602291</pos_y>
    <rotation>-7228.41745571</rotation>
    <radius>1569.22957264</radius>
    <temperature>123.315615973</temperature>
    <seed>87464146</seed>
    <atmosphereDensity>0</atmosphereDensity>
    <atmosphereHeight>0</atmosphereHeight>
    <outerRadiusScale>1.0025</outerRadiusScale>
    <category>moon</category>
    <name>Moon 14 of Planet 6</name>
  </SerializedPlanet>
  <SerializedPlanet>
    <pos_x>-14.4402991715</pos_x>
    <pos_z>-16.0586200963</pos_z>
    <pos_y>-0.000247704507902</pos_y>
    <rotation>-1435.33419595</rotation>
    <radius>1522.60992469</radius>
    <temperature>123.315615973</temperature>
    <seed>87464156</seed>
    <atmosphereDensity>0</atmosphereDensity>
    <atmosphereHeight>0</atmosphereHeight>
    <outerRadiusScale>1.0025</outerRadiusScale>
    <category>moon</category>
    <name>Moon 15 of Planet 6</name>
  </SerializedPlanet>
  <SerializedPlanet>
    <pos_x>-14.4339001778</pos_x>
    <pos_z>-15.9996999055</pos_z>
    <pos_y>-0.000583092634007</pos_y>
    <rotation>-1851.10179212</rotation>
    <radius>2114.1144713</radius>
    <temperature>123.315615973</temperature>
    <seed>87464166</seed>
    <atmosphereDensity>0</atmosphereDensity>
    <atmosphereHeight>0</atmosphereHeight>
    <outerRadiusScale>1.0025</outerRadiusScale>
    <category>moon</category>
    <name>Moon 16 of Planet 6</name>
  </SerializedPlanet>
  <SerializedPlanet>
    <pos_x>-14.4150167322</pos_x>
    <pos_z>-16.0446719412</pos_z>
    <pos_y>-0.00157282378614</pos_y>
    <rotation>-1056.25243534</rotation>
    <radius>2728.87018232</radius>
    <temperature>123.315615973</temperature>
    <seed>87464176</seed>
    <atmosphereDensity>0</atmosphereDensity>
    <atmosphereHeight>0</atmosphereHeight>
    <outerRadiusScale>1.0025</outerRadiusScale>
    <category>moon</category>
    <name>Moon 17 of Planet 6</name>
  </SerializedPlanet>
  <SerializedPlanet>
    <pos_x>-14.4522063167</pos_x>
    <pos_z>-15.9814230772</pos_z>
    <pos_y>0.000376380354537</pos_y>
    <rotation>-1406.31734366</rotation>
    <radius>1388.96945864</radius>
    <temperature>123.315615973</temperature>
    <seed>87464186</seed>
    <atmosphereDensity>0</atmosphereDensity>
    <atmosphereHeight>0</atmosphereHeight>
    <outerRadiusScale>1.0025</outerRadiusScale>
    <category>moon</category>
    <name>Moon 18 of Planet 6</name>
  </SerializedPlanet>
  <SerializedPlanet>
    <pos_x>-14.4391043801</pos_x>
    <pos_z>-16.0626265091</pos_z>
    <pos_y>-0.000310326672503</pos_y>
    <rotation>-1371.38077919</rotation>
    <radius>2223.63780124</radius>
    <temperature>123.315615973</temperature>
    <seed>87464196</seed>
    <atmosphereDensity>0</atmosphereDensity>
    <atmosphereHeight>0</atmosphereHeight>
    <outerRadiusScale>1.0025</outerRadiusScale>
    <category>moon</category>
    <name>Moon 19 of Planet 6</name>
  </SerializedPlanet>
</Planets>
<Cameras>
  <SerializedCamera>
    <cam_x>1.6906695871</cam_x>
    <cam_z>-5.98769426075</cam_z>
    <cam_y>1.93603656876e-06</cam_y>
    <dir_x>0.221752722974</dir_x>
    <dir_z>-0.975102214698</dir_z>
    <dir_y>-0.0011835302788</dir_y>
    <up_x>-0.961824843887</up_x>
    <up_z>-0.167892704318</up_z>
    <up_y>0.216113418181</up_y>
    <fov>70</fov>
    <time>21.3821894576</time>
    <frame>0</frame>
  </SerializedCamera>
</Cameras>
</SerializedWorld>